ImageId,EncodeCavity
23G5K6IOGZGUOK7SJEUM_Slice_0,
23G5K6IOGZGUOK7SJEUM_Slice_1,
23G5K6IOGZGUOK7SJEUM_Slice_2,
23G5K6IOGZGUOK7SJEUM_Slice_3,
23G5K6IOGZGUOK7SJEUM_Slice_4,
23G5K6IOGZGUOK7SJEUM_Slice_5,
23G5K6IOGZGUOK7SJEUM_Slice_6,
23G5K6IOGZGUOK7SJEUM_Slice_7,
23G5K6IOGZGUOK7SJEUM_Slice_8,
23G5K6IOGZGUOK7SJEUM_Slice_9,
23G5K6IOGZGUOK7SJEUM_Slice_10,
23G5K6IOGZGUOK7SJEUM_Slice_11,
23G5K6IOGZGUOK7SJEUM_Slice_12,
23G5K6IOGZGUOK7SJEUM_Slice_13,
23G5K6IOGZGUOK7SJEUM_Slice_14,
23G5K6IOGZGUOK7SJEUM_Slice_15,
23G5K6IOGZGUOK7SJEUM_Slice_16,
23G5K6IOGZGUOK7SJEUM_Slice_17,
23G5K6IOGZGUOK7SJEUM_Slice_18,
23G5K6IOGZGUOK7SJEUM_Slice_19,
23G5K6IOGZGUOK7SJEUM_Slice_20,
23G5K6IOGZGUOK7SJEUM_Slice_21,
23G5K6IOGZGUOK7SJEUM_Slice_22,
23G5K6IOGZGUOK7SJEUM_Slice_23,
23G5K6IOGZGUOK7SJEUM_Slice_24,
23G5K6IOGZGUOK7SJEUM_Slice_25,
23G5K6IOGZGUOK7SJEUM_Slice_26,
23G5K6IOGZGUOK7SJEUM_Slice_27,
23G5K6IOGZGUOK7SJEUM_Slice_28,
23G5K6IOGZGUOK7SJEUM_Slice_29,
23G5K6IOGZGUOK7SJEUM_Slice_30,
23G5K6IOGZGUOK7SJEUM_Slice_31,
23G5K6IOGZGUOK7SJEUM_Slice_32,
23G5K6IOGZGUOK7SJEUM_Slice_33,
23G5K6IOGZGUOK7SJEUM_Slice_34,
23G5K6IOGZGUOK7SJEUM_Slice_35,
23G5K6IOGZGUOK7SJEUM_Slice_36,
23G5K6IOGZGUOK7SJEUM_Slice_37,
23G5K6IOGZGUOK7SJEUM_Slice_38,
23G5K6IOGZGUOK7SJEUM_Slice_39,
23G5K6IOGZGUOK7SJEUM_Slice_40,
23G5K6IOGZGUOK7SJEUM_Slice_41,
23G5K6IOGZGUOK7SJEUM_Slice_42,
23G5K6IOGZGUOK7SJEUM_Slice_43,
23G5K6IOGZGUOK7SJEUM_Slice_44,
23G5K6IOGZGUOK7SJEUM_Slice_45,
23G5K6IOGZGUOK7SJEUM_Slice_46,
23G5K6IOGZGUOK7SJEUM_Slice_47,
23G5K6IOGZGUOK7SJEUM_Slice_48,
23G5K6IOGZGUOK7SJEUM_Slice_49,
23G5K6IOGZGUOK7SJEUM_Slice_50,
23G5K6IOGZGUOK7SJEUM_Slice_51,
23G5K6IOGZGUOK7SJEUM_Slice_52,
23G5K6IOGZGUOK7SJEUM_Slice_53,
23G5K6IOGZGUOK7SJEUM_Slice_54,
23G5K6IOGZGUOK7SJEUM_Slice_55,
23G5K6IOGZGUOK7SJEUM_Slice_56,
23G5K6IOGZGUOK7SJEUM_Slice_57,
23G5K6IOGZGUOK7SJEUM_Slice_58,
23G5K6IOGZGUOK7SJEUM_Slice_59,
23G5K6IOGZGUOK7SJEUM_Slice_60,
23G5K6IOGZGUOK7SJEUM_Slice_61,
23G5K6IOGZGUOK7SJEUM_Slice_62,
23G5K6IOGZGUOK7SJEUM_Slice_63,
23G5K6IOGZGUOK7SJEUM_Slice_64,
23G5K6IOGZGUOK7SJEUM_Slice_65,
23G5K6IOGZGUOK7SJEUM_Slice_66,
23G5K6IOGZGUOK7SJEUM_Slice_67,
23G5K6IOGZGUOK7SJEUM_Slice_68,
23G5K6IOGZGUOK7SJEUM_Slice_69,
23G5K6IOGZGUOK7SJEUM_Slice_70,
23G5K6IOGZGUOK7SJEUM_Slice_71,
23G5K6IOGZGUOK7SJEUM_Slice_72,
23G5K6IOGZGUOK7SJEUM_Slice_73,
23G5K6IOGZGUOK7SJEUM_Slice_74,
23G5K6IOGZGUOK7SJEUM_Slice_75,
23G5K6IOGZGUOK7SJEUM_Slice_76,
23G5K6IOGZGUOK7SJEUM_Slice_77,
23G5K6IOGZGUOK7SJEUM_Slice_78,
23G5K6IOGZGUOK7SJEUM_Slice_79,
23G5K6IOGZGUOK7SJEUM_Slice_80,
23G5K6IOGZGUOK7SJEUM_Slice_81,
23G5K6IOGZGUOK7SJEUM_Slice_82,
23G5K6IOGZGUOK7SJEUM_Slice_83,
23G5K6IOGZGUOK7SJEUM_Slice_84,
23G5K6IOGZGUOK7SJEUM_Slice_85,
23G5K6IOGZGUOK7SJEUM_Slice_86,
23G5K6IOGZGUOK7SJEUM_Slice_87,
4URSJYI2QUH1T5S5PP47_Slice_0,
4URSJYI2QUH1T5S5PP47_Slice_1,
4URSJYI2QUH1T5S5PP47_Slice_2,
4URSJYI2QUH1T5S5PP47_Slice_3,
4URSJYI2QUH1T5S5PP47_Slice_4,
4URSJYI2QUH1T5S5PP47_Slice_5,
4URSJYI2QUH1T5S5PP47_Slice_6,
4URSJYI2QUH1T5S5PP47_Slice_7,
4URSJYI2QUH1T5S5PP47_Slice_8,
4URSJYI2QUH1T5S5PP47_Slice_9,
4URSJYI2QUH1T5S5PP47_Slice_10,
4URSJYI2QUH1T5S5PP47_Slice_11,
4URSJYI2QUH1T5S5PP47_Slice_12,
4URSJYI2QUH1T5S5PP47_Slice_13,
4URSJYI2QUH1T5S5PP47_Slice_14,
4URSJYI2QUH1T5S5PP47_Slice_15,
4URSJYI2QUH1T5S5PP47_Slice_16,
4URSJYI2QUH1T5S5PP47_Slice_17,
4URSJYI2QUH1T5S5PP47_Slice_18,
4URSJYI2QUH1T5S5PP47_Slice_19,
4URSJYI2QUH1T5S5PP47_Slice_20,
4URSJYI2QUH1T5S5PP47_Slice_21,
4URSJYI2QUH1T5S5PP47_Slice_22,
4URSJYI2QUH1T5S5PP47_Slice_23,
4URSJYI2QUH1T5S5PP47_Slice_24,
4URSJYI2QUH1T5S5PP47_Slice_25,
4URSJYI2QUH1T5S5PP47_Slice_26,
4URSJYI2QUH1T5S5PP47_Slice_27,
4URSJYI2QUH1T5S5PP47_Slice_28,
4URSJYI2QUH1T5S5PP47_Slice_29,
4URSJYI2QUH1T5S5PP47_Slice_30,
4URSJYI2QUH1T5S5PP47_Slice_31,
4URSJYI2QUH1T5S5PP47_Slice_32,
4URSJYI2QUH1T5S5PP47_Slice_33,
4URSJYI2QUH1T5S5PP47_Slice_34,
4URSJYI2QUH1T5S5PP47_Slice_35,
4URSJYI2QUH1T5S5PP47_Slice_36,
4URSJYI2QUH1T5S5PP47_Slice_37,
4URSJYI2QUH1T5S5PP47_Slice_38,
4URSJYI2QUH1T5S5PP47_Slice_39,
4URSJYI2QUH1T5S5PP47_Slice_40,
4URSJYI2QUH1T5S5PP47_Slice_41,
4URSJYI2QUH1T5S5PP47_Slice_42,
4URSJYI2QUH1T5S5PP47_Slice_43,
4URSJYI2QUH1T5S5PP47_Slice_44,
4URSJYI2QUH1T5S5PP47_Slice_45,
4URSJYI2QUH1T5S5PP47_Slice_46,
4URSJYI2QUH1T5S5PP47_Slice_47,
4URSJYI2QUH1T5S5PP47_Slice_48,
4URSJYI2QUH1T5S5PP47_Slice_49,
4URSJYI2QUH1T5S5PP47_Slice_50,
4URSJYI2QUH1T5S5PP47_Slice_51,
4URSJYI2QUH1T5S5PP47_Slice_52,
4URSJYI2QUH1T5S5PP47_Slice_53,
4URSJYI2QUH1T5S5PP47_Slice_54,
4URSJYI2QUH1T5S5PP47_Slice_55,
4URSJYI2QUH1T5S5PP47_Slice_56,
4URSJYI2QUH1T5S5PP47_Slice_57,
4URSJYI2QUH1T5S5PP47_Slice_58,
4URSJYI2QUH1T5S5PP47_Slice_59,
4URSJYI2QUH1T5S5PP47_Slice_60,
4URSJYI2QUH1T5S5PP47_Slice_61,
4URSJYI2QUH1T5S5PP47_Slice_62,
4URSJYI2QUH1T5S5PP47_Slice_63,
4URSJYI2QUH1T5S5PP47_Slice_64,
4URSJYI2QUH1T5S5PP47_Slice_65,
4URSJYI2QUH1T5S5PP47_Slice_66,
4URSJYI2QUH1T5S5PP47_Slice_67,
4URSJYI2QUH1T5S5PP47_Slice_68,
4URSJYI2QUH1T5S5PP47_Slice_69,
4URSJYI2QUH1T5S5PP47_Slice_70,
4URSJYI2QUH1T5S5PP47_Slice_71,
4URSJYI2QUH1T5S5PP47_Slice_72,
4URSJYI2QUH1T5S5PP47_Slice_73,
4URSJYI2QUH1T5S5PP47_Slice_74,
4URSJYI2QUH1T5S5PP47_Slice_75,
4URSJYI2QUH1T5S5PP47_Slice_76,
4URSJYI2QUH1T5S5PP47_Slice_77,
4URSJYI2QUH1T5S5PP47_Slice_78,
4URSJYI2QUH1T5S5PP47_Slice_79,
4URSJYI2QUH1T5S5PP47_Slice_80,
4URSJYI2QUH1T5S5PP47_Slice_81,
4URSJYI2QUH1T5S5PP47_Slice_82,
4URSJYI2QUH1T5S5PP47_Slice_83,
4URSJYI2QUH1T5S5PP47_Slice_84,
4URSJYI2QUH1T5S5PP47_Slice_85,
4URSJYI2QUH1T5S5PP47_Slice_86,
4URSJYI2QUH1T5S5PP47_Slice_87,
8E00BQQJ7T5TQSSGZVGE_Slice_0,
8E00BQQJ7T5TQSSGZVGE_Slice_1,
8E00BQQJ7T5TQSSGZVGE_Slice_2,
8E00BQQJ7T5TQSSGZVGE_Slice_3,
8E00BQQJ7T5TQSSGZVGE_Slice_4,
8E00BQQJ7T5TQSSGZVGE_Slice_5,
8E00BQQJ7T5TQSSGZVGE_Slice_6,
8E00BQQJ7T5TQSSGZVGE_Slice_7,
8E00BQQJ7T5TQSSGZVGE_Slice_8,
8E00BQQJ7T5TQSSGZVGE_Slice_9,
8E00BQQJ7T5TQSSGZVGE_Slice_10,
8E00BQQJ7T5TQSSGZVGE_Slice_11,
8E00BQQJ7T5TQSSGZVGE_Slice_12,
8E00BQQJ7T5TQSSGZVGE_Slice_13,
8E00BQQJ7T5TQSSGZVGE_Slice_14,
8E00BQQJ7T5TQSSGZVGE_Slice_15,
8E00BQQJ7T5TQSSGZVGE_Slice_16,
8E00BQQJ7T5TQSSGZVGE_Slice_17,
8E00BQQJ7T5TQSSGZVGE_Slice_18,
8E00BQQJ7T5TQSSGZVGE_Slice_19,
8E00BQQJ7T5TQSSGZVGE_Slice_20,
8E00BQQJ7T5TQSSGZVGE_Slice_21,
8E00BQQJ7T5TQSSGZVGE_Slice_22,
8E00BQQJ7T5TQSSGZVGE_Slice_23,
8E00BQQJ7T5TQSSGZVGE_Slice_24,
8E00BQQJ7T5TQSSGZVGE_Slice_25,
8E00BQQJ7T5TQSSGZVGE_Slice_26,
8E00BQQJ7T5TQSSGZVGE_Slice_27,
8E00BQQJ7T5TQSSGZVGE_Slice_28,
8E00BQQJ7T5TQSSGZVGE_Slice_29,
8E00BQQJ7T5TQSSGZVGE_Slice_30,
8E00BQQJ7T5TQSSGZVGE_Slice_31,
8E00BQQJ7T5TQSSGZVGE_Slice_32,
8E00BQQJ7T5TQSSGZVGE_Slice_33,
8E00BQQJ7T5TQSSGZVGE_Slice_34,
8E00BQQJ7T5TQSSGZVGE_Slice_35,
8E00BQQJ7T5TQSSGZVGE_Slice_36,
8E00BQQJ7T5TQSSGZVGE_Slice_37,
8E00BQQJ7T5TQSSGZVGE_Slice_38,
8E00BQQJ7T5TQSSGZVGE_Slice_39,
8E00BQQJ7T5TQSSGZVGE_Slice_40,
8E00BQQJ7T5TQSSGZVGE_Slice_41,
8E00BQQJ7T5TQSSGZVGE_Slice_42,
8E00BQQJ7T5TQSSGZVGE_Slice_43,
8E00BQQJ7T5TQSSGZVGE_Slice_44,
8E00BQQJ7T5TQSSGZVGE_Slice_45,
8E00BQQJ7T5TQSSGZVGE_Slice_46,
8E00BQQJ7T5TQSSGZVGE_Slice_47,
8E00BQQJ7T5TQSSGZVGE_Slice_48,
8E00BQQJ7T5TQSSGZVGE_Slice_49,
8E00BQQJ7T5TQSSGZVGE_Slice_50,
8E00BQQJ7T5TQSSGZVGE_Slice_51,
8E00BQQJ7T5TQSSGZVGE_Slice_52,
8E00BQQJ7T5TQSSGZVGE_Slice_53,
8E00BQQJ7T5TQSSGZVGE_Slice_54,
8E00BQQJ7T5TQSSGZVGE_Slice_55,
8E00BQQJ7T5TQSSGZVGE_Slice_56,
8E00BQQJ7T5TQSSGZVGE_Slice_57,
8E00BQQJ7T5TQSSGZVGE_Slice_58,
8E00BQQJ7T5TQSSGZVGE_Slice_59,
8E00BQQJ7T5TQSSGZVGE_Slice_60,
8E00BQQJ7T5TQSSGZVGE_Slice_61,
8E00BQQJ7T5TQSSGZVGE_Slice_62,
8E00BQQJ7T5TQSSGZVGE_Slice_63,
8E00BQQJ7T5TQSSGZVGE_Slice_64,
8E00BQQJ7T5TQSSGZVGE_Slice_65,
8E00BQQJ7T5TQSSGZVGE_Slice_66,
8E00BQQJ7T5TQSSGZVGE_Slice_67,
8E00BQQJ7T5TQSSGZVGE_Slice_68,
8E00BQQJ7T5TQSSGZVGE_Slice_69,
8E00BQQJ7T5TQSSGZVGE_Slice_70,
8E00BQQJ7T5TQSSGZVGE_Slice_71,
8E00BQQJ7T5TQSSGZVGE_Slice_72,
8E00BQQJ7T5TQSSGZVGE_Slice_73,
8E00BQQJ7T5TQSSGZVGE_Slice_74,
8E00BQQJ7T5TQSSGZVGE_Slice_75,
8E00BQQJ7T5TQSSGZVGE_Slice_76,
8E00BQQJ7T5TQSSGZVGE_Slice_77,
8E00BQQJ7T5TQSSGZVGE_Slice_78,
8E00BQQJ7T5TQSSGZVGE_Slice_79,
8E00BQQJ7T5TQSSGZVGE_Slice_80,
8E00BQQJ7T5TQSSGZVGE_Slice_81,
8E00BQQJ7T5TQSSGZVGE_Slice_82,
8E00BQQJ7T5TQSSGZVGE_Slice_83,
8E00BQQJ7T5TQSSGZVGE_Slice_84,
8E00BQQJ7T5TQSSGZVGE_Slice_85,
8E00BQQJ7T5TQSSGZVGE_Slice_86,
8E00BQQJ7T5TQSSGZVGE_Slice_87,
8ISA3BO39HPSNJI0R8NH_Slice_0,
8ISA3BO39HPSNJI0R8NH_Slice_1,
8ISA3BO39HPSNJI0R8NH_Slice_2,
8ISA3BO39HPSNJI0R8NH_Slice_3,
8ISA3BO39HPSNJI0R8NH_Slice_4,
8ISA3BO39HPSNJI0R8NH_Slice_5,
8ISA3BO39HPSNJI0R8NH_Slice_6,
8ISA3BO39HPSNJI0R8NH_Slice_7,
8ISA3BO39HPSNJI0R8NH_Slice_8,
8ISA3BO39HPSNJI0R8NH_Slice_9,
8ISA3BO39HPSNJI0R8NH_Slice_10,
8ISA3BO39HPSNJI0R8NH_Slice_11,
8ISA3BO39HPSNJI0R8NH_Slice_12,
8ISA3BO39HPSNJI0R8NH_Slice_13,
8ISA3BO39HPSNJI0R8NH_Slice_14,
8ISA3BO39HPSNJI0R8NH_Slice_15,
8ISA3BO39HPSNJI0R8NH_Slice_16,
8ISA3BO39HPSNJI0R8NH_Slice_17,
8ISA3BO39HPSNJI0R8NH_Slice_18,
8ISA3BO39HPSNJI0R8NH_Slice_19,
8ISA3BO39HPSNJI0R8NH_Slice_20,
8ISA3BO39HPSNJI0R8NH_Slice_21,
8ISA3BO39HPSNJI0R8NH_Slice_22,
8ISA3BO39HPSNJI0R8NH_Slice_23,
8ISA3BO39HPSNJI0R8NH_Slice_24,
8ISA3BO39HPSNJI0R8NH_Slice_25,
8ISA3BO39HPSNJI0R8NH_Slice_26,
8ISA3BO39HPSNJI0R8NH_Slice_27,
8ISA3BO39HPSNJI0R8NH_Slice_28,
8ISA3BO39HPSNJI0R8NH_Slice_29,
8ISA3BO39HPSNJI0R8NH_Slice_30,
8ISA3BO39HPSNJI0R8NH_Slice_31,
8ISA3BO39HPSNJI0R8NH_Slice_32,
8ISA3BO39HPSNJI0R8NH_Slice_33,
8ISA3BO39HPSNJI0R8NH_Slice_34,
8ISA3BO39HPSNJI0R8NH_Slice_35,
8ISA3BO39HPSNJI0R8NH_Slice_36,
8ISA3BO39HPSNJI0R8NH_Slice_37,
8ISA3BO39HPSNJI0R8NH_Slice_38,
8ISA3BO39HPSNJI0R8NH_Slice_39,
8ISA3BO39HPSNJI0R8NH_Slice_40,
8ISA3BO39HPSNJI0R8NH_Slice_41,
8ISA3BO39HPSNJI0R8NH_Slice_42,
8ISA3BO39HPSNJI0R8NH_Slice_43,
8ISA3BO39HPSNJI0R8NH_Slice_44,
8ISA3BO39HPSNJI0R8NH_Slice_45,
8ISA3BO39HPSNJI0R8NH_Slice_46,
8ISA3BO39HPSNJI0R8NH_Slice_47,
8ISA3BO39HPSNJI0R8NH_Slice_48,
8ISA3BO39HPSNJI0R8NH_Slice_49,
8ISA3BO39HPSNJI0R8NH_Slice_50,
8ISA3BO39HPSNJI0R8NH_Slice_51,
8ISA3BO39HPSNJI0R8NH_Slice_52,
8ISA3BO39HPSNJI0R8NH_Slice_53,
8ISA3BO39HPSNJI0R8NH_Slice_54,
8ISA3BO39HPSNJI0R8NH_Slice_55,
8ISA3BO39HPSNJI0R8NH_Slice_56,
8ISA3BO39HPSNJI0R8NH_Slice_57,
8ISA3BO39HPSNJI0R8NH_Slice_58,
8ISA3BO39HPSNJI0R8NH_Slice_59,
8ISA3BO39HPSNJI0R8NH_Slice_60,
8ISA3BO39HPSNJI0R8NH_Slice_61,
8ISA3BO39HPSNJI0R8NH_Slice_62,
8ISA3BO39HPSNJI0R8NH_Slice_63,
8ISA3BO39HPSNJI0R8NH_Slice_64,
8ISA3BO39HPSNJI0R8NH_Slice_65,
8ISA3BO39HPSNJI0R8NH_Slice_66,
8ISA3BO39HPSNJI0R8NH_Slice_67,
8ISA3BO39HPSNJI0R8NH_Slice_68,
8ISA3BO39HPSNJI0R8NH_Slice_69,
8ISA3BO39HPSNJI0R8NH_Slice_70,
8ISA3BO39HPSNJI0R8NH_Slice_71,
8ISA3BO39HPSNJI0R8NH_Slice_72,
8ISA3BO39HPSNJI0R8NH_Slice_73,
8ISA3BO39HPSNJI0R8NH_Slice_74,
8ISA3BO39HPSNJI0R8NH_Slice_75,
8ISA3BO39HPSNJI0R8NH_Slice_76,
8ISA3BO39HPSNJI0R8NH_Slice_77,
8ISA3BO39HPSNJI0R8NH_Slice_78,
8ISA3BO39HPSNJI0R8NH_Slice_79,
8ISA3BO39HPSNJI0R8NH_Slice_80,
8ISA3BO39HPSNJI0R8NH_Slice_81,
8ISA3BO39HPSNJI0R8NH_Slice_82,
8ISA3BO39HPSNJI0R8NH_Slice_83,
8ISA3BO39HPSNJI0R8NH_Slice_84,
8ISA3BO39HPSNJI0R8NH_Slice_85,
8ISA3BO39HPSNJI0R8NH_Slice_86,
8ISA3BO39HPSNJI0R8NH_Slice_87,
9A18LTR49JLKPEZ7JNT5_Slice_0,
9A18LTR49JLKPEZ7JNT5_Slice_1,
9A18LTR49JLKPEZ7JNT5_Slice_2,
9A18LTR49JLKPEZ7JNT5_Slice_3,
9A18LTR49JLKPEZ7JNT5_Slice_4,
9A18LTR49JLKPEZ7JNT5_Slice_5,
9A18LTR49JLKPEZ7JNT5_Slice_6,
9A18LTR49JLKPEZ7JNT5_Slice_7,
9A18LTR49JLKPEZ7JNT5_Slice_8,
9A18LTR49JLKPEZ7JNT5_Slice_9,
9A18LTR49JLKPEZ7JNT5_Slice_10,
9A18LTR49JLKPEZ7JNT5_Slice_11,
9A18LTR49JLKPEZ7JNT5_Slice_12,
9A18LTR49JLKPEZ7JNT5_Slice_13,
9A18LTR49JLKPEZ7JNT5_Slice_14,
9A18LTR49JLKPEZ7JNT5_Slice_15,
9A18LTR49JLKPEZ7JNT5_Slice_16,
9A18LTR49JLKPEZ7JNT5_Slice_17,
9A18LTR49JLKPEZ7JNT5_Slice_18,
9A18LTR49JLKPEZ7JNT5_Slice_19,
9A18LTR49JLKPEZ7JNT5_Slice_20,
9A18LTR49JLKPEZ7JNT5_Slice_21,
9A18LTR49JLKPEZ7JNT5_Slice_22,
9A18LTR49JLKPEZ7JNT5_Slice_23,
9A18LTR49JLKPEZ7JNT5_Slice_24,
9A18LTR49JLKPEZ7JNT5_Slice_25,
9A18LTR49JLKPEZ7JNT5_Slice_26,
9A18LTR49JLKPEZ7JNT5_Slice_27,
9A18LTR49JLKPEZ7JNT5_Slice_28,
9A18LTR49JLKPEZ7JNT5_Slice_29,
9A18LTR49JLKPEZ7JNT5_Slice_30,
9A18LTR49JLKPEZ7JNT5_Slice_31,
9A18LTR49JLKPEZ7JNT5_Slice_32,
9A18LTR49JLKPEZ7JNT5_Slice_33,
9A18LTR49JLKPEZ7JNT5_Slice_34,
9A18LTR49JLKPEZ7JNT5_Slice_35,
9A18LTR49JLKPEZ7JNT5_Slice_36,
9A18LTR49JLKPEZ7JNT5_Slice_37,
9A18LTR49JLKPEZ7JNT5_Slice_38,
9A18LTR49JLKPEZ7JNT5_Slice_39,
9A18LTR49JLKPEZ7JNT5_Slice_40,
9A18LTR49JLKPEZ7JNT5_Slice_41,
9A18LTR49JLKPEZ7JNT5_Slice_42,
9A18LTR49JLKPEZ7JNT5_Slice_43,
9A18LTR49JLKPEZ7JNT5_Slice_44,
9A18LTR49JLKPEZ7JNT5_Slice_45,
9A18LTR49JLKPEZ7JNT5_Slice_46,
9A18LTR49JLKPEZ7JNT5_Slice_47,
9A18LTR49JLKPEZ7JNT5_Slice_48,
9A18LTR49JLKPEZ7JNT5_Slice_49,
9A18LTR49JLKPEZ7JNT5_Slice_50,
9A18LTR49JLKPEZ7JNT5_Slice_51,
9A18LTR49JLKPEZ7JNT5_Slice_52,
9A18LTR49JLKPEZ7JNT5_Slice_53,
9A18LTR49JLKPEZ7JNT5_Slice_54,
9A18LTR49JLKPEZ7JNT5_Slice_55,
9A18LTR49JLKPEZ7JNT5_Slice_56,
9A18LTR49JLKPEZ7JNT5_Slice_57,
9A18LTR49JLKPEZ7JNT5_Slice_58,
9A18LTR49JLKPEZ7JNT5_Slice_59,
9A18LTR49JLKPEZ7JNT5_Slice_60,
9A18LTR49JLKPEZ7JNT5_Slice_61,
9A18LTR49JLKPEZ7JNT5_Slice_62,
9A18LTR49JLKPEZ7JNT5_Slice_63,
9A18LTR49JLKPEZ7JNT5_Slice_64,
9A18LTR49JLKPEZ7JNT5_Slice_65,
9A18LTR49JLKPEZ7JNT5_Slice_66,
9A18LTR49JLKPEZ7JNT5_Slice_67,
9A18LTR49JLKPEZ7JNT5_Slice_68,
9A18LTR49JLKPEZ7JNT5_Slice_69,
9A18LTR49JLKPEZ7JNT5_Slice_70,
9A18LTR49JLKPEZ7JNT5_Slice_71,
9A18LTR49JLKPEZ7JNT5_Slice_72,
9A18LTR49JLKPEZ7JNT5_Slice_73,
9A18LTR49JLKPEZ7JNT5_Slice_74,
9A18LTR49JLKPEZ7JNT5_Slice_75,
9A18LTR49JLKPEZ7JNT5_Slice_76,
9A18LTR49JLKPEZ7JNT5_Slice_77,
9A18LTR49JLKPEZ7JNT5_Slice_78,
9A18LTR49JLKPEZ7JNT5_Slice_79,
9A18LTR49JLKPEZ7JNT5_Slice_80,
9A18LTR49JLKPEZ7JNT5_Slice_81,
9A18LTR49JLKPEZ7JNT5_Slice_82,
9A18LTR49JLKPEZ7JNT5_Slice_83,
9A18LTR49JLKPEZ7JNT5_Slice_84,
9A18LTR49JLKPEZ7JNT5_Slice_85,
9A18LTR49JLKPEZ7JNT5_Slice_86,
9A18LTR49JLKPEZ7JNT5_Slice_87,
BFZ0ZTFDZRFG9MCSV1GX_Slice_0,
BFZ0ZTFDZRFG9MCSV1GX_Slice_1,
BFZ0ZTFDZRFG9MCSV1GX_Slice_2,
BFZ0ZTFDZRFG9MCSV1GX_Slice_3,
BFZ0ZTFDZRFG9MCSV1GX_Slice_4,
BFZ0ZTFDZRFG9MCSV1GX_Slice_5,
BFZ0ZTFDZRFG9MCSV1GX_Slice_6,
BFZ0ZTFDZRFG9MCSV1GX_Slice_7,
BFZ0ZTFDZRFG9MCSV1GX_Slice_8,
BFZ0ZTFDZRFG9MCSV1GX_Slice_9,
BFZ0ZTFDZRFG9MCSV1GX_Slice_10,
BFZ0ZTFDZRFG9MCSV1GX_Slice_11,
BFZ0ZTFDZRFG9MCSV1GX_Slice_12,
BFZ0ZTFDZRFG9MCSV1GX_Slice_13,
BFZ0ZTFDZRFG9MCSV1GX_Slice_14,
BFZ0ZTFDZRFG9MCSV1GX_Slice_15,
BFZ0ZTFDZRFG9MCSV1GX_Slice_16,
BFZ0ZTFDZRFG9MCSV1GX_Slice_17,
BFZ0ZTFDZRFG9MCSV1GX_Slice_18,
BFZ0ZTFDZRFG9MCSV1GX_Slice_19,
BFZ0ZTFDZRFG9MCSV1GX_Slice_20,
BFZ0ZTFDZRFG9MCSV1GX_Slice_21,
BFZ0ZTFDZRFG9MCSV1GX_Slice_22,
BFZ0ZTFDZRFG9MCSV1GX_Slice_23,
BFZ0ZTFDZRFG9MCSV1GX_Slice_24,
BFZ0ZTFDZRFG9MCSV1GX_Slice_25,
BFZ0ZTFDZRFG9MCSV1GX_Slice_26,
BFZ0ZTFDZRFG9MCSV1GX_Slice_27,
BFZ0ZTFDZRFG9MCSV1GX_Slice_28,
BFZ0ZTFDZRFG9MCSV1GX_Slice_29,
BFZ0ZTFDZRFG9MCSV1GX_Slice_30,
BFZ0ZTFDZRFG9MCSV1GX_Slice_31,
BFZ0ZTFDZRFG9MCSV1GX_Slice_32,
BFZ0ZTFDZRFG9MCSV1GX_Slice_33,
BFZ0ZTFDZRFG9MCSV1GX_Slice_34,
BFZ0ZTFDZRFG9MCSV1GX_Slice_35,
BFZ0ZTFDZRFG9MCSV1GX_Slice_36,
BFZ0ZTFDZRFG9MCSV1GX_Slice_37,
BFZ0ZTFDZRFG9MCSV1GX_Slice_38,
BFZ0ZTFDZRFG9MCSV1GX_Slice_39,
BFZ0ZTFDZRFG9MCSV1GX_Slice_40,
BFZ0ZTFDZRFG9MCSV1GX_Slice_41,
BFZ0ZTFDZRFG9MCSV1GX_Slice_42,
BFZ0ZTFDZRFG9MCSV1GX_Slice_43,
BFZ0ZTFDZRFG9MCSV1GX_Slice_44,
BFZ0ZTFDZRFG9MCSV1GX_Slice_45,
BFZ0ZTFDZRFG9MCSV1GX_Slice_46,
BFZ0ZTFDZRFG9MCSV1GX_Slice_47,
BFZ0ZTFDZRFG9MCSV1GX_Slice_48,
BFZ0ZTFDZRFG9MCSV1GX_Slice_49,
BFZ0ZTFDZRFG9MCSV1GX_Slice_50,
BFZ0ZTFDZRFG9MCSV1GX_Slice_51,
BFZ0ZTFDZRFG9MCSV1GX_Slice_52,
BFZ0ZTFDZRFG9MCSV1GX_Slice_53,
BFZ0ZTFDZRFG9MCSV1GX_Slice_54,
BFZ0ZTFDZRFG9MCSV1GX_Slice_55,
BFZ0ZTFDZRFG9MCSV1GX_Slice_56,
BFZ0ZTFDZRFG9MCSV1GX_Slice_57,
BFZ0ZTFDZRFG9MCSV1GX_Slice_58,
BFZ0ZTFDZRFG9MCSV1GX_Slice_59,
BFZ0ZTFDZRFG9MCSV1GX_Slice_60,
BFZ0ZTFDZRFG9MCSV1GX_Slice_61,
BFZ0ZTFDZRFG9MCSV1GX_Slice_62,
BFZ0ZTFDZRFG9MCSV1GX_Slice_63,
BFZ0ZTFDZRFG9MCSV1GX_Slice_64,
BFZ0ZTFDZRFG9MCSV1GX_Slice_65,
BFZ0ZTFDZRFG9MCSV1GX_Slice_66,
BFZ0ZTFDZRFG9MCSV1GX_Slice_67,
BFZ0ZTFDZRFG9MCSV1GX_Slice_68,
BFZ0ZTFDZRFG9MCSV1GX_Slice_69,
BFZ0ZTFDZRFG9MCSV1GX_Slice_70,
BFZ0ZTFDZRFG9MCSV1GX_Slice_71,
BFZ0ZTFDZRFG9MCSV1GX_Slice_72,
BFZ0ZTFDZRFG9MCSV1GX_Slice_73,
BFZ0ZTFDZRFG9MCSV1GX_Slice_74,
BFZ0ZTFDZRFG9MCSV1GX_Slice_75,
BFZ0ZTFDZRFG9MCSV1GX_Slice_76,
BFZ0ZTFDZRFG9MCSV1GX_Slice_77,
BFZ0ZTFDZRFG9MCSV1GX_Slice_78,
BFZ0ZTFDZRFG9MCSV1GX_Slice_79,
BFZ0ZTFDZRFG9MCSV1GX_Slice_80,
BFZ0ZTFDZRFG9MCSV1GX_Slice_81,
BFZ0ZTFDZRFG9MCSV1GX_Slice_82,
BFZ0ZTFDZRFG9MCSV1GX_Slice_83,
BFZ0ZTFDZRFG9MCSV1GX_Slice_84,
BFZ0ZTFDZRFG9MCSV1GX_Slice_85,
BFZ0ZTFDZRFG9MCSV1GX_Slice_86,
BFZ0ZTFDZRFG9MCSV1GX_Slice_87,
BP5NOS0LX7U5IXFES424_Slice_0,
BP5NOS0LX7U5IXFES424_Slice_1,
BP5NOS0LX7U5IXFES424_Slice_2,
BP5NOS0LX7U5IXFES424_Slice_3,
BP5NOS0LX7U5IXFES424_Slice_4,
BP5NOS0LX7U5IXFES424_Slice_5,
BP5NOS0LX7U5IXFES424_Slice_6,
BP5NOS0LX7U5IXFES424_Slice_7,
BP5NOS0LX7U5IXFES424_Slice_8,
BP5NOS0LX7U5IXFES424_Slice_9,
BP5NOS0LX7U5IXFES424_Slice_10,
BP5NOS0LX7U5IXFES424_Slice_11,
BP5NOS0LX7U5IXFES424_Slice_12,
BP5NOS0LX7U5IXFES424_Slice_13,
BP5NOS0LX7U5IXFES424_Slice_14,
BP5NOS0LX7U5IXFES424_Slice_15,
BP5NOS0LX7U5IXFES424_Slice_16,
BP5NOS0LX7U5IXFES424_Slice_17,
BP5NOS0LX7U5IXFES424_Slice_18,
BP5NOS0LX7U5IXFES424_Slice_19,
BP5NOS0LX7U5IXFES424_Slice_20,
BP5NOS0LX7U5IXFES424_Slice_21,
BP5NOS0LX7U5IXFES424_Slice_22,
BP5NOS0LX7U5IXFES424_Slice_23,
BP5NOS0LX7U5IXFES424_Slice_24,
BP5NOS0LX7U5IXFES424_Slice_25,
BP5NOS0LX7U5IXFES424_Slice_26,
BP5NOS0LX7U5IXFES424_Slice_27,
BP5NOS0LX7U5IXFES424_Slice_28,
BP5NOS0LX7U5IXFES424_Slice_29,
BP5NOS0LX7U5IXFES424_Slice_30,
BP5NOS0LX7U5IXFES424_Slice_31,
BP5NOS0LX7U5IXFES424_Slice_32,
BP5NOS0LX7U5IXFES424_Slice_33,
BP5NOS0LX7U5IXFES424_Slice_34,
BP5NOS0LX7U5IXFES424_Slice_35,
BP5NOS0LX7U5IXFES424_Slice_36,
BP5NOS0LX7U5IXFES424_Slice_37,
BP5NOS0LX7U5IXFES424_Slice_38,
BP5NOS0LX7U5IXFES424_Slice_39,
BP5NOS0LX7U5IXFES424_Slice_40,
BP5NOS0LX7U5IXFES424_Slice_41,
BP5NOS0LX7U5IXFES424_Slice_42,
BP5NOS0LX7U5IXFES424_Slice_43,
BP5NOS0LX7U5IXFES424_Slice_44,
BP5NOS0LX7U5IXFES424_Slice_45,
BP5NOS0LX7U5IXFES424_Slice_46,
BP5NOS0LX7U5IXFES424_Slice_47,
BP5NOS0LX7U5IXFES424_Slice_48,
BP5NOS0LX7U5IXFES424_Slice_49,
BP5NOS0LX7U5IXFES424_Slice_50,
BP5NOS0LX7U5IXFES424_Slice_51,
BP5NOS0LX7U5IXFES424_Slice_52,
BP5NOS0LX7U5IXFES424_Slice_53,
BP5NOS0LX7U5IXFES424_Slice_54,
BP5NOS0LX7U5IXFES424_Slice_55,
BP5NOS0LX7U5IXFES424_Slice_56,
BP5NOS0LX7U5IXFES424_Slice_57,
BP5NOS0LX7U5IXFES424_Slice_58,
BP5NOS0LX7U5IXFES424_Slice_59,
BP5NOS0LX7U5IXFES424_Slice_60,
BP5NOS0LX7U5IXFES424_Slice_61,
BP5NOS0LX7U5IXFES424_Slice_62,
BP5NOS0LX7U5IXFES424_Slice_63,
BP5NOS0LX7U5IXFES424_Slice_64,
BP5NOS0LX7U5IXFES424_Slice_65,
BP5NOS0LX7U5IXFES424_Slice_66,
BP5NOS0LX7U5IXFES424_Slice_67,
BP5NOS0LX7U5IXFES424_Slice_68,
BP5NOS0LX7U5IXFES424_Slice_69,
BP5NOS0LX7U5IXFES424_Slice_70,
BP5NOS0LX7U5IXFES424_Slice_71,
BP5NOS0LX7U5IXFES424_Slice_72,
BP5NOS0LX7U5IXFES424_Slice_73,
BP5NOS0LX7U5IXFES424_Slice_74,
BP5NOS0LX7U5IXFES424_Slice_75,
BP5NOS0LX7U5IXFES424_Slice_76,
BP5NOS0LX7U5IXFES424_Slice_77,
BP5NOS0LX7U5IXFES424_Slice_78,
BP5NOS0LX7U5IXFES424_Slice_79,
BP5NOS0LX7U5IXFES424_Slice_80,
BP5NOS0LX7U5IXFES424_Slice_81,
BP5NOS0LX7U5IXFES424_Slice_82,
BP5NOS0LX7U5IXFES424_Slice_83,
BP5NOS0LX7U5IXFES424_Slice_84,
BP5NOS0LX7U5IXFES424_Slice_85,
BP5NOS0LX7U5IXFES424_Slice_86,
BP5NOS0LX7U5IXFES424_Slice_87,
EMBIHZTK2UAOEFFJKR6U_Slice_0,
EMBIHZTK2UAOEFFJKR6U_Slice_1,
EMBIHZTK2UAOEFFJKR6U_Slice_2,
EMBIHZTK2UAOEFFJKR6U_Slice_3,
EMBIHZTK2UAOEFFJKR6U_Slice_4,
EMBIHZTK2UAOEFFJKR6U_Slice_5,
EMBIHZTK2UAOEFFJKR6U_Slice_6,
EMBIHZTK2UAOEFFJKR6U_Slice_7,
EMBIHZTK2UAOEFFJKR6U_Slice_8,
EMBIHZTK2UAOEFFJKR6U_Slice_9,
EMBIHZTK2UAOEFFJKR6U_Slice_10,
EMBIHZTK2UAOEFFJKR6U_Slice_11,
EMBIHZTK2UAOEFFJKR6U_Slice_12,
EMBIHZTK2UAOEFFJKR6U_Slice_13,
EMBIHZTK2UAOEFFJKR6U_Slice_14,
EMBIHZTK2UAOEFFJKR6U_Slice_15,
EMBIHZTK2UAOEFFJKR6U_Slice_16,
EMBIHZTK2UAOEFFJKR6U_Slice_17,
EMBIHZTK2UAOEFFJKR6U_Slice_18,
EMBIHZTK2UAOEFFJKR6U_Slice_19,
EMBIHZTK2UAOEFFJKR6U_Slice_20,
EMBIHZTK2UAOEFFJKR6U_Slice_21,
EMBIHZTK2UAOEFFJKR6U_Slice_22,
EMBIHZTK2UAOEFFJKR6U_Slice_23,
EMBIHZTK2UAOEFFJKR6U_Slice_24,
EMBIHZTK2UAOEFFJKR6U_Slice_25,
EMBIHZTK2UAOEFFJKR6U_Slice_26,
EMBIHZTK2UAOEFFJKR6U_Slice_27,
EMBIHZTK2UAOEFFJKR6U_Slice_28,
EMBIHZTK2UAOEFFJKR6U_Slice_29,
EMBIHZTK2UAOEFFJKR6U_Slice_30,
EMBIHZTK2UAOEFFJKR6U_Slice_31,
EMBIHZTK2UAOEFFJKR6U_Slice_32,
EMBIHZTK2UAOEFFJKR6U_Slice_33,
EMBIHZTK2UAOEFFJKR6U_Slice_34,
EMBIHZTK2UAOEFFJKR6U_Slice_35,
EMBIHZTK2UAOEFFJKR6U_Slice_36,
EMBIHZTK2UAOEFFJKR6U_Slice_37,
EMBIHZTK2UAOEFFJKR6U_Slice_38,
EMBIHZTK2UAOEFFJKR6U_Slice_39,
EMBIHZTK2UAOEFFJKR6U_Slice_40,
EMBIHZTK2UAOEFFJKR6U_Slice_41,
EMBIHZTK2UAOEFFJKR6U_Slice_42,
EMBIHZTK2UAOEFFJKR6U_Slice_43,
EMBIHZTK2UAOEFFJKR6U_Slice_44,
EMBIHZTK2UAOEFFJKR6U_Slice_45,
EMBIHZTK2UAOEFFJKR6U_Slice_46,
EMBIHZTK2UAOEFFJKR6U_Slice_47,
EMBIHZTK2UAOEFFJKR6U_Slice_48,
EMBIHZTK2UAOEFFJKR6U_Slice_49,
EMBIHZTK2UAOEFFJKR6U_Slice_50,
EMBIHZTK2UAOEFFJKR6U_Slice_51,
EMBIHZTK2UAOEFFJKR6U_Slice_52,
EMBIHZTK2UAOEFFJKR6U_Slice_53,
EMBIHZTK2UAOEFFJKR6U_Slice_54,
EMBIHZTK2UAOEFFJKR6U_Slice_55,
EMBIHZTK2UAOEFFJKR6U_Slice_56,
EMBIHZTK2UAOEFFJKR6U_Slice_57,
EMBIHZTK2UAOEFFJKR6U_Slice_58,
EMBIHZTK2UAOEFFJKR6U_Slice_59,
EMBIHZTK2UAOEFFJKR6U_Slice_60,
EMBIHZTK2UAOEFFJKR6U_Slice_61,
EMBIHZTK2UAOEFFJKR6U_Slice_62,
EMBIHZTK2UAOEFFJKR6U_Slice_63,
EMBIHZTK2UAOEFFJKR6U_Slice_64,
EMBIHZTK2UAOEFFJKR6U_Slice_65,
EMBIHZTK2UAOEFFJKR6U_Slice_66,
EMBIHZTK2UAOEFFJKR6U_Slice_67,
EMBIHZTK2UAOEFFJKR6U_Slice_68,
EMBIHZTK2UAOEFFJKR6U_Slice_69,
EMBIHZTK2UAOEFFJKR6U_Slice_70,
EMBIHZTK2UAOEFFJKR6U_Slice_71,
EMBIHZTK2UAOEFFJKR6U_Slice_72,
EMBIHZTK2UAOEFFJKR6U_Slice_73,
EMBIHZTK2UAOEFFJKR6U_Slice_74,
EMBIHZTK2UAOEFFJKR6U_Slice_75,
EMBIHZTK2UAOEFFJKR6U_Slice_76,
EMBIHZTK2UAOEFFJKR6U_Slice_77,
EMBIHZTK2UAOEFFJKR6U_Slice_78,
EMBIHZTK2UAOEFFJKR6U_Slice_79,
EMBIHZTK2UAOEFFJKR6U_Slice_80,
EMBIHZTK2UAOEFFJKR6U_Slice_81,
EMBIHZTK2UAOEFFJKR6U_Slice_82,
EMBIHZTK2UAOEFFJKR6U_Slice_83,
EMBIHZTK2UAOEFFJKR6U_Slice_84,
EMBIHZTK2UAOEFFJKR6U_Slice_85,
EMBIHZTK2UAOEFFJKR6U_Slice_86,
EMBIHZTK2UAOEFFJKR6U_Slice_87,
D27523DQLTWE8UXKOPLP_Slice_0,
D27523DQLTWE8UXKOPLP_Slice_1,
D27523DQLTWE8UXKOPLP_Slice_2,
D27523DQLTWE8UXKOPLP_Slice_3,
D27523DQLTWE8UXKOPLP_Slice_4,
D27523DQLTWE8UXKOPLP_Slice_5,
D27523DQLTWE8UXKOPLP_Slice_6,
D27523DQLTWE8UXKOPLP_Slice_7,
D27523DQLTWE8UXKOPLP_Slice_8,
D27523DQLTWE8UXKOPLP_Slice_9,
D27523DQLTWE8UXKOPLP_Slice_10,
D27523DQLTWE8UXKOPLP_Slice_11,
D27523DQLTWE8UXKOPLP_Slice_12,
D27523DQLTWE8UXKOPLP_Slice_13,
D27523DQLTWE8UXKOPLP_Slice_14,
D27523DQLTWE8UXKOPLP_Slice_15,
D27523DQLTWE8UXKOPLP_Slice_16,
D27523DQLTWE8UXKOPLP_Slice_17,
D27523DQLTWE8UXKOPLP_Slice_18,
D27523DQLTWE8UXKOPLP_Slice_19,
D27523DQLTWE8UXKOPLP_Slice_20,
D27523DQLTWE8UXKOPLP_Slice_21,
D27523DQLTWE8UXKOPLP_Slice_22,
D27523DQLTWE8UXKOPLP_Slice_23,
D27523DQLTWE8UXKOPLP_Slice_24,
D27523DQLTWE8UXKOPLP_Slice_25,
D27523DQLTWE8UXKOPLP_Slice_26,
D27523DQLTWE8UXKOPLP_Slice_27,
D27523DQLTWE8UXKOPLP_Slice_28,
D27523DQLTWE8UXKOPLP_Slice_29,
D27523DQLTWE8UXKOPLP_Slice_30,
D27523DQLTWE8UXKOPLP_Slice_31,
D27523DQLTWE8UXKOPLP_Slice_32,
D27523DQLTWE8UXKOPLP_Slice_33,
D27523DQLTWE8UXKOPLP_Slice_34,
D27523DQLTWE8UXKOPLP_Slice_35,
D27523DQLTWE8UXKOPLP_Slice_36,
D27523DQLTWE8UXKOPLP_Slice_37,
D27523DQLTWE8UXKOPLP_Slice_38,
D27523DQLTWE8UXKOPLP_Slice_39,
D27523DQLTWE8UXKOPLP_Slice_40,
D27523DQLTWE8UXKOPLP_Slice_41,
D27523DQLTWE8UXKOPLP_Slice_42,
D27523DQLTWE8UXKOPLP_Slice_43,
D27523DQLTWE8UXKOPLP_Slice_44,
D27523DQLTWE8UXKOPLP_Slice_45,
D27523DQLTWE8UXKOPLP_Slice_46,
D27523DQLTWE8UXKOPLP_Slice_47,
D27523DQLTWE8UXKOPLP_Slice_48,
D27523DQLTWE8UXKOPLP_Slice_49,
D27523DQLTWE8UXKOPLP_Slice_50,
D27523DQLTWE8UXKOPLP_Slice_51,
D27523DQLTWE8UXKOPLP_Slice_52,
D27523DQLTWE8UXKOPLP_Slice_53,
D27523DQLTWE8UXKOPLP_Slice_54,
D27523DQLTWE8UXKOPLP_Slice_55,
D27523DQLTWE8UXKOPLP_Slice_56,
D27523DQLTWE8UXKOPLP_Slice_57,
D27523DQLTWE8UXKOPLP_Slice_58,
D27523DQLTWE8UXKOPLP_Slice_59,
D27523DQLTWE8UXKOPLP_Slice_60,
D27523DQLTWE8UXKOPLP_Slice_61,
D27523DQLTWE8UXKOPLP_Slice_62,
D27523DQLTWE8UXKOPLP_Slice_63,
D27523DQLTWE8UXKOPLP_Slice_64,
D27523DQLTWE8UXKOPLP_Slice_65,
D27523DQLTWE8UXKOPLP_Slice_66,
D27523DQLTWE8UXKOPLP_Slice_67,
D27523DQLTWE8UXKOPLP_Slice_68,
D27523DQLTWE8UXKOPLP_Slice_69,
D27523DQLTWE8UXKOPLP_Slice_70,
D27523DQLTWE8UXKOPLP_Slice_71,
D27523DQLTWE8UXKOPLP_Slice_72,
D27523DQLTWE8UXKOPLP_Slice_73,
D27523DQLTWE8UXKOPLP_Slice_74,
D27523DQLTWE8UXKOPLP_Slice_75,
D27523DQLTWE8UXKOPLP_Slice_76,
D27523DQLTWE8UXKOPLP_Slice_77,
D27523DQLTWE8UXKOPLP_Slice_78,
D27523DQLTWE8UXKOPLP_Slice_79,
D27523DQLTWE8UXKOPLP_Slice_80,
D27523DQLTWE8UXKOPLP_Slice_81,
D27523DQLTWE8UXKOPLP_Slice_82,
D27523DQLTWE8UXKOPLP_Slice_83,
D27523DQLTWE8UXKOPLP_Slice_84,
D27523DQLTWE8UXKOPLP_Slice_85,
D27523DQLTWE8UXKOPLP_Slice_86,
D27523DQLTWE8UXKOPLP_Slice_87,
DD3MZ7M8J7MVQ38NZWBZ_Slice_0,
DD3MZ7M8J7MVQ38NZWBZ_Slice_1,
DD3MZ7M8J7MVQ38NZWBZ_Slice_2,
DD3MZ7M8J7MVQ38NZWBZ_Slice_3,
DD3MZ7M8J7MVQ38NZWBZ_Slice_4,
DD3MZ7M8J7MVQ38NZWBZ_Slice_5,
DD3MZ7M8J7MVQ38NZWBZ_Slice_6,
DD3MZ7M8J7MVQ38NZWBZ_Slice_7,
DD3MZ7M8J7MVQ38NZWBZ_Slice_8,
DD3MZ7M8J7MVQ38NZWBZ_Slice_9,
DD3MZ7M8J7MVQ38NZWBZ_Slice_10,
DD3MZ7M8J7MVQ38NZWBZ_Slice_11,
DD3MZ7M8J7MVQ38NZWBZ_Slice_12,
DD3MZ7M8J7MVQ38NZWBZ_Slice_13,
DD3MZ7M8J7MVQ38NZWBZ_Slice_14,
DD3MZ7M8J7MVQ38NZWBZ_Slice_15,
DD3MZ7M8J7MVQ38NZWBZ_Slice_16,
DD3MZ7M8J7MVQ38NZWBZ_Slice_17,
DD3MZ7M8J7MVQ38NZWBZ_Slice_18,
DD3MZ7M8J7MVQ38NZWBZ_Slice_19,
DD3MZ7M8J7MVQ38NZWBZ_Slice_20,
DD3MZ7M8J7MVQ38NZWBZ_Slice_21,
DD3MZ7M8J7MVQ38NZWBZ_Slice_22,
DD3MZ7M8J7MVQ38NZWBZ_Slice_23,
DD3MZ7M8J7MVQ38NZWBZ_Slice_24,
DD3MZ7M8J7MVQ38NZWBZ_Slice_25,
DD3MZ7M8J7MVQ38NZWBZ_Slice_26,
DD3MZ7M8J7MVQ38NZWBZ_Slice_27,
DD3MZ7M8J7MVQ38NZWBZ_Slice_28,
DD3MZ7M8J7MVQ38NZWBZ_Slice_29,
DD3MZ7M8J7MVQ38NZWBZ_Slice_30,
DD3MZ7M8J7MVQ38NZWBZ_Slice_31,
DD3MZ7M8J7MVQ38NZWBZ_Slice_32,
DD3MZ7M8J7MVQ38NZWBZ_Slice_33,
DD3MZ7M8J7MVQ38NZWBZ_Slice_34,
DD3MZ7M8J7MVQ38NZWBZ_Slice_35,
DD3MZ7M8J7MVQ38NZWBZ_Slice_36,
DD3MZ7M8J7MVQ38NZWBZ_Slice_37,
DD3MZ7M8J7MVQ38NZWBZ_Slice_38,
DD3MZ7M8J7MVQ38NZWBZ_Slice_39,
DD3MZ7M8J7MVQ38NZWBZ_Slice_40,
DD3MZ7M8J7MVQ38NZWBZ_Slice_41,
DD3MZ7M8J7MVQ38NZWBZ_Slice_42,
DD3MZ7M8J7MVQ38NZWBZ_Slice_43,
DD3MZ7M8J7MVQ38NZWBZ_Slice_44,
DD3MZ7M8J7MVQ38NZWBZ_Slice_45,
DD3MZ7M8J7MVQ38NZWBZ_Slice_46,
DD3MZ7M8J7MVQ38NZWBZ_Slice_47,
DD3MZ7M8J7MVQ38NZWBZ_Slice_48,
DD3MZ7M8J7MVQ38NZWBZ_Slice_49,
DD3MZ7M8J7MVQ38NZWBZ_Slice_50,
DD3MZ7M8J7MVQ38NZWBZ_Slice_51,
DD3MZ7M8J7MVQ38NZWBZ_Slice_52,
DD3MZ7M8J7MVQ38NZWBZ_Slice_53,
DD3MZ7M8J7MVQ38NZWBZ_Slice_54,
DD3MZ7M8J7MVQ38NZWBZ_Slice_55,
DD3MZ7M8J7MVQ38NZWBZ_Slice_56,
DD3MZ7M8J7MVQ38NZWBZ_Slice_57,
DD3MZ7M8J7MVQ38NZWBZ_Slice_58,
DD3MZ7M8J7MVQ38NZWBZ_Slice_59,
DD3MZ7M8J7MVQ38NZWBZ_Slice_60,
DD3MZ7M8J7MVQ38NZWBZ_Slice_61,
DD3MZ7M8J7MVQ38NZWBZ_Slice_62,
DD3MZ7M8J7MVQ38NZWBZ_Slice_63,
DD3MZ7M8J7MVQ38NZWBZ_Slice_64,
DD3MZ7M8J7MVQ38NZWBZ_Slice_65,
DD3MZ7M8J7MVQ38NZWBZ_Slice_66,
DD3MZ7M8J7MVQ38NZWBZ_Slice_67,
DD3MZ7M8J7MVQ38NZWBZ_Slice_68,
DD3MZ7M8J7MVQ38NZWBZ_Slice_69,
DD3MZ7M8J7MVQ38NZWBZ_Slice_70,
DD3MZ7M8J7MVQ38NZWBZ_Slice_71,
DD3MZ7M8J7MVQ38NZWBZ_Slice_72,
DD3MZ7M8J7MVQ38NZWBZ_Slice_73,
DD3MZ7M8J7MVQ38NZWBZ_Slice_74,
DD3MZ7M8J7MVQ38NZWBZ_Slice_75,
DD3MZ7M8J7MVQ38NZWBZ_Slice_76,
DD3MZ7M8J7MVQ38NZWBZ_Slice_77,
DD3MZ7M8J7MVQ38NZWBZ_Slice_78,
DD3MZ7M8J7MVQ38NZWBZ_Slice_79,
DD3MZ7M8J7MVQ38NZWBZ_Slice_80,
DD3MZ7M8J7MVQ38NZWBZ_Slice_81,
DD3MZ7M8J7MVQ38NZWBZ_Slice_82,
DD3MZ7M8J7MVQ38NZWBZ_Slice_83,
DD3MZ7M8J7MVQ38NZWBZ_Slice_84,
DD3MZ7M8J7MVQ38NZWBZ_Slice_85,
DD3MZ7M8J7MVQ38NZWBZ_Slice_86,
DD3MZ7M8J7MVQ38NZWBZ_Slice_87,
DOCC2KQNQCEUHPZ9FAFF_Slice_0,
DOCC2KQNQCEUHPZ9FAFF_Slice_1,
DOCC2KQNQCEUHPZ9FAFF_Slice_2,
DOCC2KQNQCEUHPZ9FAFF_Slice_3,
DOCC2KQNQCEUHPZ9FAFF_Slice_4,
DOCC2KQNQCEUHPZ9FAFF_Slice_5,
DOCC2KQNQCEUHPZ9FAFF_Slice_6,
DOCC2KQNQCEUHPZ9FAFF_Slice_7,
DOCC2KQNQCEUHPZ9FAFF_Slice_8,
DOCC2KQNQCEUHPZ9FAFF_Slice_9,
DOCC2KQNQCEUHPZ9FAFF_Slice_10,
DOCC2KQNQCEUHPZ9FAFF_Slice_11,
DOCC2KQNQCEUHPZ9FAFF_Slice_12,
DOCC2KQNQCEUHPZ9FAFF_Slice_13,
DOCC2KQNQCEUHPZ9FAFF_Slice_14,
DOCC2KQNQCEUHPZ9FAFF_Slice_15,
DOCC2KQNQCEUHPZ9FAFF_Slice_16,
DOCC2KQNQCEUHPZ9FAFF_Slice_17,
DOCC2KQNQCEUHPZ9FAFF_Slice_18,
DOCC2KQNQCEUHPZ9FAFF_Slice_19,
DOCC2KQNQCEUHPZ9FAFF_Slice_20,
DOCC2KQNQCEUHPZ9FAFF_Slice_21,
DOCC2KQNQCEUHPZ9FAFF_Slice_22,
DOCC2KQNQCEUHPZ9FAFF_Slice_23,
DOCC2KQNQCEUHPZ9FAFF_Slice_24,
DOCC2KQNQCEUHPZ9FAFF_Slice_25,
DOCC2KQNQCEUHPZ9FAFF_Slice_26,
DOCC2KQNQCEUHPZ9FAFF_Slice_27,
DOCC2KQNQCEUHPZ9FAFF_Slice_28,
DOCC2KQNQCEUHPZ9FAFF_Slice_29,
DOCC2KQNQCEUHPZ9FAFF_Slice_30,
DOCC2KQNQCEUHPZ9FAFF_Slice_31,
DOCC2KQNQCEUHPZ9FAFF_Slice_32,
DOCC2KQNQCEUHPZ9FAFF_Slice_33,
DOCC2KQNQCEUHPZ9FAFF_Slice_34,
DOCC2KQNQCEUHPZ9FAFF_Slice_35,
DOCC2KQNQCEUHPZ9FAFF_Slice_36,
DOCC2KQNQCEUHPZ9FAFF_Slice_37,
DOCC2KQNQCEUHPZ9FAFF_Slice_38,
DOCC2KQNQCEUHPZ9FAFF_Slice_39,
DOCC2KQNQCEUHPZ9FAFF_Slice_40,
DOCC2KQNQCEUHPZ9FAFF_Slice_41,
DOCC2KQNQCEUHPZ9FAFF_Slice_42,
DOCC2KQNQCEUHPZ9FAFF_Slice_43,
DOCC2KQNQCEUHPZ9FAFF_Slice_44,
DOCC2KQNQCEUHPZ9FAFF_Slice_45,
DOCC2KQNQCEUHPZ9FAFF_Slice_46,
DOCC2KQNQCEUHPZ9FAFF_Slice_47,
DOCC2KQNQCEUHPZ9FAFF_Slice_48,
DOCC2KQNQCEUHPZ9FAFF_Slice_49,
DOCC2KQNQCEUHPZ9FAFF_Slice_50,
DOCC2KQNQCEUHPZ9FAFF_Slice_51,
DOCC2KQNQCEUHPZ9FAFF_Slice_52,
DOCC2KQNQCEUHPZ9FAFF_Slice_53,
DOCC2KQNQCEUHPZ9FAFF_Slice_54,
DOCC2KQNQCEUHPZ9FAFF_Slice_55,
DOCC2KQNQCEUHPZ9FAFF_Slice_56,
DOCC2KQNQCEUHPZ9FAFF_Slice_57,
DOCC2KQNQCEUHPZ9FAFF_Slice_58,
DOCC2KQNQCEUHPZ9FAFF_Slice_59,
DOCC2KQNQCEUHPZ9FAFF_Slice_60,
DOCC2KQNQCEUHPZ9FAFF_Slice_61,
DOCC2KQNQCEUHPZ9FAFF_Slice_62,
DOCC2KQNQCEUHPZ9FAFF_Slice_63,
DOCC2KQNQCEUHPZ9FAFF_Slice_64,
DOCC2KQNQCEUHPZ9FAFF_Slice_65,
DOCC2KQNQCEUHPZ9FAFF_Slice_66,
DOCC2KQNQCEUHPZ9FAFF_Slice_67,
DOCC2KQNQCEUHPZ9FAFF_Slice_68,
DOCC2KQNQCEUHPZ9FAFF_Slice_69,
DOCC2KQNQCEUHPZ9FAFF_Slice_70,
DOCC2KQNQCEUHPZ9FAFF_Slice_71,
DOCC2KQNQCEUHPZ9FAFF_Slice_72,
DOCC2KQNQCEUHPZ9FAFF_Slice_73,
DOCC2KQNQCEUHPZ9FAFF_Slice_74,
DOCC2KQNQCEUHPZ9FAFF_Slice_75,
DOCC2KQNQCEUHPZ9FAFF_Slice_76,
DOCC2KQNQCEUHPZ9FAFF_Slice_77,
DOCC2KQNQCEUHPZ9FAFF_Slice_78,
DOCC2KQNQCEUHPZ9FAFF_Slice_79,
DOCC2KQNQCEUHPZ9FAFF_Slice_80,
DOCC2KQNQCEUHPZ9FAFF_Slice_81,
DOCC2KQNQCEUHPZ9FAFF_Slice_82,
DOCC2KQNQCEUHPZ9FAFF_Slice_83,
DOCC2KQNQCEUHPZ9FAFF_Slice_84,
DOCC2KQNQCEUHPZ9FAFF_Slice_85,
DOCC2KQNQCEUHPZ9FAFF_Slice_86,
DOCC2KQNQCEUHPZ9FAFF_Slice_87,
EYFKUIESSPFWI4NEHS9L_Slice_0,
EYFKUIESSPFWI4NEHS9L_Slice_1,
EYFKUIESSPFWI4NEHS9L_Slice_2,
EYFKUIESSPFWI4NEHS9L_Slice_3,
EYFKUIESSPFWI4NEHS9L_Slice_4,
EYFKUIESSPFWI4NEHS9L_Slice_5,
EYFKUIESSPFWI4NEHS9L_Slice_6,
EYFKUIESSPFWI4NEHS9L_Slice_7,
EYFKUIESSPFWI4NEHS9L_Slice_8,
EYFKUIESSPFWI4NEHS9L_Slice_9,
EYFKUIESSPFWI4NEHS9L_Slice_10,
EYFKUIESSPFWI4NEHS9L_Slice_11,
EYFKUIESSPFWI4NEHS9L_Slice_12,
EYFKUIESSPFWI4NEHS9L_Slice_13,
EYFKUIESSPFWI4NEHS9L_Slice_14,
EYFKUIESSPFWI4NEHS9L_Slice_15,
EYFKUIESSPFWI4NEHS9L_Slice_16,
EYFKUIESSPFWI4NEHS9L_Slice_17,
EYFKUIESSPFWI4NEHS9L_Slice_18,
EYFKUIESSPFWI4NEHS9L_Slice_19,
EYFKUIESSPFWI4NEHS9L_Slice_20,
EYFKUIESSPFWI4NEHS9L_Slice_21,
EYFKUIESSPFWI4NEHS9L_Slice_22,
EYFKUIESSPFWI4NEHS9L_Slice_23,
EYFKUIESSPFWI4NEHS9L_Slice_24,
EYFKUIESSPFWI4NEHS9L_Slice_25,
EYFKUIESSPFWI4NEHS9L_Slice_26,
EYFKUIESSPFWI4NEHS9L_Slice_27,
EYFKUIESSPFWI4NEHS9L_Slice_28,
EYFKUIESSPFWI4NEHS9L_Slice_29,
EYFKUIESSPFWI4NEHS9L_Slice_30,
EYFKUIESSPFWI4NEHS9L_Slice_31,
EYFKUIESSPFWI4NEHS9L_Slice_32,
EYFKUIESSPFWI4NEHS9L_Slice_33,
EYFKUIESSPFWI4NEHS9L_Slice_34,
EYFKUIESSPFWI4NEHS9L_Slice_35,
EYFKUIESSPFWI4NEHS9L_Slice_36,
EYFKUIESSPFWI4NEHS9L_Slice_37,
EYFKUIESSPFWI4NEHS9L_Slice_38,
EYFKUIESSPFWI4NEHS9L_Slice_39,
EYFKUIESSPFWI4NEHS9L_Slice_40,
EYFKUIESSPFWI4NEHS9L_Slice_41,
EYFKUIESSPFWI4NEHS9L_Slice_42,
EYFKUIESSPFWI4NEHS9L_Slice_43,
EYFKUIESSPFWI4NEHS9L_Slice_44,
EYFKUIESSPFWI4NEHS9L_Slice_45,
EYFKUIESSPFWI4NEHS9L_Slice_46,
EYFKUIESSPFWI4NEHS9L_Slice_47,
EYFKUIESSPFWI4NEHS9L_Slice_48,
EYFKUIESSPFWI4NEHS9L_Slice_49,
EYFKUIESSPFWI4NEHS9L_Slice_50,
EYFKUIESSPFWI4NEHS9L_Slice_51,
EYFKUIESSPFWI4NEHS9L_Slice_52,
EYFKUIESSPFWI4NEHS9L_Slice_53,
EYFKUIESSPFWI4NEHS9L_Slice_54,
EYFKUIESSPFWI4NEHS9L_Slice_55,
EYFKUIESSPFWI4NEHS9L_Slice_56,
EYFKUIESSPFWI4NEHS9L_Slice_57,
EYFKUIESSPFWI4NEHS9L_Slice_58,
EYFKUIESSPFWI4NEHS9L_Slice_59,
EYFKUIESSPFWI4NEHS9L_Slice_60,
EYFKUIESSPFWI4NEHS9L_Slice_61,
EYFKUIESSPFWI4NEHS9L_Slice_62,
EYFKUIESSPFWI4NEHS9L_Slice_63,
EYFKUIESSPFWI4NEHS9L_Slice_64,
EYFKUIESSPFWI4NEHS9L_Slice_65,
EYFKUIESSPFWI4NEHS9L_Slice_66,
EYFKUIESSPFWI4NEHS9L_Slice_67,
EYFKUIESSPFWI4NEHS9L_Slice_68,
EYFKUIESSPFWI4NEHS9L_Slice_69,
EYFKUIESSPFWI4NEHS9L_Slice_70,
EYFKUIESSPFWI4NEHS9L_Slice_71,
EYFKUIESSPFWI4NEHS9L_Slice_72,
EYFKUIESSPFWI4NEHS9L_Slice_73,
EYFKUIESSPFWI4NEHS9L_Slice_74,
EYFKUIESSPFWI4NEHS9L_Slice_75,
EYFKUIESSPFWI4NEHS9L_Slice_76,
EYFKUIESSPFWI4NEHS9L_Slice_77,
EYFKUIESSPFWI4NEHS9L_Slice_78,
EYFKUIESSPFWI4NEHS9L_Slice_79,
EYFKUIESSPFWI4NEHS9L_Slice_80,
EYFKUIESSPFWI4NEHS9L_Slice_81,
EYFKUIESSPFWI4NEHS9L_Slice_82,
EYFKUIESSPFWI4NEHS9L_Slice_83,
EYFKUIESSPFWI4NEHS9L_Slice_84,
EYFKUIESSPFWI4NEHS9L_Slice_85,
EYFKUIESSPFWI4NEHS9L_Slice_86,
EYFKUIESSPFWI4NEHS9L_Slice_87,
GCAGURFT38WSQCUVCBY0_Slice_0,
GCAGURFT38WSQCUVCBY0_Slice_1,
GCAGURFT38WSQCUVCBY0_Slice_2,
GCAGURFT38WSQCUVCBY0_Slice_3,
GCAGURFT38WSQCUVCBY0_Slice_4,
GCAGURFT38WSQCUVCBY0_Slice_5,
GCAGURFT38WSQCUVCBY0_Slice_6,
GCAGURFT38WSQCUVCBY0_Slice_7,
GCAGURFT38WSQCUVCBY0_Slice_8,
GCAGURFT38WSQCUVCBY0_Slice_9,
GCAGURFT38WSQCUVCBY0_Slice_10,
GCAGURFT38WSQCUVCBY0_Slice_11,
GCAGURFT38WSQCUVCBY0_Slice_12,
GCAGURFT38WSQCUVCBY0_Slice_13,
GCAGURFT38WSQCUVCBY0_Slice_14,
GCAGURFT38WSQCUVCBY0_Slice_15,
GCAGURFT38WSQCUVCBY0_Slice_16,
GCAGURFT38WSQCUVCBY0_Slice_17,
GCAGURFT38WSQCUVCBY0_Slice_18,
GCAGURFT38WSQCUVCBY0_Slice_19,
GCAGURFT38WSQCUVCBY0_Slice_20,
GCAGURFT38WSQCUVCBY0_Slice_21,
GCAGURFT38WSQCUVCBY0_Slice_22,
GCAGURFT38WSQCUVCBY0_Slice_23,
GCAGURFT38WSQCUVCBY0_Slice_24,
GCAGURFT38WSQCUVCBY0_Slice_25,
GCAGURFT38WSQCUVCBY0_Slice_26,
GCAGURFT38WSQCUVCBY0_Slice_27,
GCAGURFT38WSQCUVCBY0_Slice_28,
GCAGURFT38WSQCUVCBY0_Slice_29,
GCAGURFT38WSQCUVCBY0_Slice_30,
GCAGURFT38WSQCUVCBY0_Slice_31,
GCAGURFT38WSQCUVCBY0_Slice_32,
GCAGURFT38WSQCUVCBY0_Slice_33,
GCAGURFT38WSQCUVCBY0_Slice_34,
GCAGURFT38WSQCUVCBY0_Slice_35,
GCAGURFT38WSQCUVCBY0_Slice_36,
GCAGURFT38WSQCUVCBY0_Slice_37,
GCAGURFT38WSQCUVCBY0_Slice_38,
GCAGURFT38WSQCUVCBY0_Slice_39,
GCAGURFT38WSQCUVCBY0_Slice_40,
GCAGURFT38WSQCUVCBY0_Slice_41,
GCAGURFT38WSQCUVCBY0_Slice_42,
GCAGURFT38WSQCUVCBY0_Slice_43,
GCAGURFT38WSQCUVCBY0_Slice_44,
GCAGURFT38WSQCUVCBY0_Slice_45,
GCAGURFT38WSQCUVCBY0_Slice_46,
GCAGURFT38WSQCUVCBY0_Slice_47,
GCAGURFT38WSQCUVCBY0_Slice_48,
GCAGURFT38WSQCUVCBY0_Slice_49,
GCAGURFT38WSQCUVCBY0_Slice_50,
GCAGURFT38WSQCUVCBY0_Slice_51,
GCAGURFT38WSQCUVCBY0_Slice_52,
GCAGURFT38WSQCUVCBY0_Slice_53,
GCAGURFT38WSQCUVCBY0_Slice_54,
GCAGURFT38WSQCUVCBY0_Slice_55,
GCAGURFT38WSQCUVCBY0_Slice_56,
GCAGURFT38WSQCUVCBY0_Slice_57,
GCAGURFT38WSQCUVCBY0_Slice_58,
GCAGURFT38WSQCUVCBY0_Slice_59,
GCAGURFT38WSQCUVCBY0_Slice_60,
GCAGURFT38WSQCUVCBY0_Slice_61,
GCAGURFT38WSQCUVCBY0_Slice_62,
GCAGURFT38WSQCUVCBY0_Slice_63,
GCAGURFT38WSQCUVCBY0_Slice_64,
GCAGURFT38WSQCUVCBY0_Slice_65,
GCAGURFT38WSQCUVCBY0_Slice_66,
GCAGURFT38WSQCUVCBY0_Slice_67,
GCAGURFT38WSQCUVCBY0_Slice_68,
GCAGURFT38WSQCUVCBY0_Slice_69,
GCAGURFT38WSQCUVCBY0_Slice_70,
GCAGURFT38WSQCUVCBY0_Slice_71,
GCAGURFT38WSQCUVCBY0_Slice_72,
GCAGURFT38WSQCUVCBY0_Slice_73,
GCAGURFT38WSQCUVCBY0_Slice_74,
GCAGURFT38WSQCUVCBY0_Slice_75,
GCAGURFT38WSQCUVCBY0_Slice_76,
GCAGURFT38WSQCUVCBY0_Slice_77,
GCAGURFT38WSQCUVCBY0_Slice_78,
GCAGURFT38WSQCUVCBY0_Slice_79,
GCAGURFT38WSQCUVCBY0_Slice_80,
GCAGURFT38WSQCUVCBY0_Slice_81,
GCAGURFT38WSQCUVCBY0_Slice_82,
GCAGURFT38WSQCUVCBY0_Slice_83,
GCAGURFT38WSQCUVCBY0_Slice_84,
GCAGURFT38WSQCUVCBY0_Slice_85,
GCAGURFT38WSQCUVCBY0_Slice_86,
GCAGURFT38WSQCUVCBY0_Slice_87,
GT8QWVDGJSPJ2HR7KHIV_Slice_0,
GT8QWVDGJSPJ2HR7KHIV_Slice_1,
GT8QWVDGJSPJ2HR7KHIV_Slice_2,
GT8QWVDGJSPJ2HR7KHIV_Slice_3,
GT8QWVDGJSPJ2HR7KHIV_Slice_4,
GT8QWVDGJSPJ2HR7KHIV_Slice_5,
GT8QWVDGJSPJ2HR7KHIV_Slice_6,
GT8QWVDGJSPJ2HR7KHIV_Slice_7,
GT8QWVDGJSPJ2HR7KHIV_Slice_8,
GT8QWVDGJSPJ2HR7KHIV_Slice_9,
GT8QWVDGJSPJ2HR7KHIV_Slice_10,
GT8QWVDGJSPJ2HR7KHIV_Slice_11,
GT8QWVDGJSPJ2HR7KHIV_Slice_12,
GT8QWVDGJSPJ2HR7KHIV_Slice_13,
GT8QWVDGJSPJ2HR7KHIV_Slice_14,
GT8QWVDGJSPJ2HR7KHIV_Slice_15,
GT8QWVDGJSPJ2HR7KHIV_Slice_16,
GT8QWVDGJSPJ2HR7KHIV_Slice_17,
GT8QWVDGJSPJ2HR7KHIV_Slice_18,
GT8QWVDGJSPJ2HR7KHIV_Slice_19,
GT8QWVDGJSPJ2HR7KHIV_Slice_20,
GT8QWVDGJSPJ2HR7KHIV_Slice_21,
GT8QWVDGJSPJ2HR7KHIV_Slice_22,
GT8QWVDGJSPJ2HR7KHIV_Slice_23,
GT8QWVDGJSPJ2HR7KHIV_Slice_24,
GT8QWVDGJSPJ2HR7KHIV_Slice_25,
GT8QWVDGJSPJ2HR7KHIV_Slice_26,
GT8QWVDGJSPJ2HR7KHIV_Slice_27,
GT8QWVDGJSPJ2HR7KHIV_Slice_28,
GT8QWVDGJSPJ2HR7KHIV_Slice_29,
GT8QWVDGJSPJ2HR7KHIV_Slice_30,
GT8QWVDGJSPJ2HR7KHIV_Slice_31,
GT8QWVDGJSPJ2HR7KHIV_Slice_32,
GT8QWVDGJSPJ2HR7KHIV_Slice_33,
GT8QWVDGJSPJ2HR7KHIV_Slice_34,
GT8QWVDGJSPJ2HR7KHIV_Slice_35,
GT8QWVDGJSPJ2HR7KHIV_Slice_36,
GT8QWVDGJSPJ2HR7KHIV_Slice_37,
GT8QWVDGJSPJ2HR7KHIV_Slice_38,
GT8QWVDGJSPJ2HR7KHIV_Slice_39,
GT8QWVDGJSPJ2HR7KHIV_Slice_40,
GT8QWVDGJSPJ2HR7KHIV_Slice_41,
GT8QWVDGJSPJ2HR7KHIV_Slice_42,
GT8QWVDGJSPJ2HR7KHIV_Slice_43,
GT8QWVDGJSPJ2HR7KHIV_Slice_44,
GT8QWVDGJSPJ2HR7KHIV_Slice_45,
GT8QWVDGJSPJ2HR7KHIV_Slice_46,
GT8QWVDGJSPJ2HR7KHIV_Slice_47,
GT8QWVDGJSPJ2HR7KHIV_Slice_48,
GT8QWVDGJSPJ2HR7KHIV_Slice_49,
GT8QWVDGJSPJ2HR7KHIV_Slice_50,
GT8QWVDGJSPJ2HR7KHIV_Slice_51,
GT8QWVDGJSPJ2HR7KHIV_Slice_52,
GT8QWVDGJSPJ2HR7KHIV_Slice_53,
GT8QWVDGJSPJ2HR7KHIV_Slice_54,
GT8QWVDGJSPJ2HR7KHIV_Slice_55,
GT8QWVDGJSPJ2HR7KHIV_Slice_56,
GT8QWVDGJSPJ2HR7KHIV_Slice_57,
GT8QWVDGJSPJ2HR7KHIV_Slice_58,
GT8QWVDGJSPJ2HR7KHIV_Slice_59,
GT8QWVDGJSPJ2HR7KHIV_Slice_60,
GT8QWVDGJSPJ2HR7KHIV_Slice_61,
GT8QWVDGJSPJ2HR7KHIV_Slice_62,
GT8QWVDGJSPJ2HR7KHIV_Slice_63,
GT8QWVDGJSPJ2HR7KHIV_Slice_64,
GT8QWVDGJSPJ2HR7KHIV_Slice_65,
GT8QWVDGJSPJ2HR7KHIV_Slice_66,
GT8QWVDGJSPJ2HR7KHIV_Slice_67,
GT8QWVDGJSPJ2HR7KHIV_Slice_68,
GT8QWVDGJSPJ2HR7KHIV_Slice_69,
GT8QWVDGJSPJ2HR7KHIV_Slice_70,
GT8QWVDGJSPJ2HR7KHIV_Slice_71,
GT8QWVDGJSPJ2HR7KHIV_Slice_72,
GT8QWVDGJSPJ2HR7KHIV_Slice_73,
GT8QWVDGJSPJ2HR7KHIV_Slice_74,
GT8QWVDGJSPJ2HR7KHIV_Slice_75,
GT8QWVDGJSPJ2HR7KHIV_Slice_76,
GT8QWVDGJSPJ2HR7KHIV_Slice_77,
GT8QWVDGJSPJ2HR7KHIV_Slice_78,
GT8QWVDGJSPJ2HR7KHIV_Slice_79,
GT8QWVDGJSPJ2HR7KHIV_Slice_80,
GT8QWVDGJSPJ2HR7KHIV_Slice_81,
GT8QWVDGJSPJ2HR7KHIV_Slice_82,
GT8QWVDGJSPJ2HR7KHIV_Slice_83,
GT8QWVDGJSPJ2HR7KHIV_Slice_84,
GT8QWVDGJSPJ2HR7KHIV_Slice_85,
GT8QWVDGJSPJ2HR7KHIV_Slice_86,
GT8QWVDGJSPJ2HR7KHIV_Slice_87,
MKVZDR7UDH5HES9U96GW_Slice_0,
MKVZDR7UDH5HES9U96GW_Slice_1,
MKVZDR7UDH5HES9U96GW_Slice_2,
MKVZDR7UDH5HES9U96GW_Slice_3,
MKVZDR7UDH5HES9U96GW_Slice_4,
MKVZDR7UDH5HES9U96GW_Slice_5,
MKVZDR7UDH5HES9U96GW_Slice_6,
MKVZDR7UDH5HES9U96GW_Slice_7,
MKVZDR7UDH5HES9U96GW_Slice_8,
MKVZDR7UDH5HES9U96GW_Slice_9,
MKVZDR7UDH5HES9U96GW_Slice_10,
MKVZDR7UDH5HES9U96GW_Slice_11,
MKVZDR7UDH5HES9U96GW_Slice_12,
MKVZDR7UDH5HES9U96GW_Slice_13,
MKVZDR7UDH5HES9U96GW_Slice_14,
MKVZDR7UDH5HES9U96GW_Slice_15,
MKVZDR7UDH5HES9U96GW_Slice_16,
MKVZDR7UDH5HES9U96GW_Slice_17,
MKVZDR7UDH5HES9U96GW_Slice_18,
MKVZDR7UDH5HES9U96GW_Slice_19,
MKVZDR7UDH5HES9U96GW_Slice_20,
MKVZDR7UDH5HES9U96GW_Slice_21,
MKVZDR7UDH5HES9U96GW_Slice_22,
MKVZDR7UDH5HES9U96GW_Slice_23,
MKVZDR7UDH5HES9U96GW_Slice_24,
MKVZDR7UDH5HES9U96GW_Slice_25,
MKVZDR7UDH5HES9U96GW_Slice_26,
MKVZDR7UDH5HES9U96GW_Slice_27,
MKVZDR7UDH5HES9U96GW_Slice_28,
MKVZDR7UDH5HES9U96GW_Slice_29,
MKVZDR7UDH5HES9U96GW_Slice_30,
MKVZDR7UDH5HES9U96GW_Slice_31,
MKVZDR7UDH5HES9U96GW_Slice_32,
MKVZDR7UDH5HES9U96GW_Slice_33,
MKVZDR7UDH5HES9U96GW_Slice_34,
MKVZDR7UDH5HES9U96GW_Slice_35,
MKVZDR7UDH5HES9U96GW_Slice_36,
MKVZDR7UDH5HES9U96GW_Slice_37,
MKVZDR7UDH5HES9U96GW_Slice_38,
MKVZDR7UDH5HES9U96GW_Slice_39,
MKVZDR7UDH5HES9U96GW_Slice_40,
MKVZDR7UDH5HES9U96GW_Slice_41,
MKVZDR7UDH5HES9U96GW_Slice_42,
MKVZDR7UDH5HES9U96GW_Slice_43,
MKVZDR7UDH5HES9U96GW_Slice_44,
MKVZDR7UDH5HES9U96GW_Slice_45,
MKVZDR7UDH5HES9U96GW_Slice_46,
MKVZDR7UDH5HES9U96GW_Slice_47,
MKVZDR7UDH5HES9U96GW_Slice_48,
MKVZDR7UDH5HES9U96GW_Slice_49,
MKVZDR7UDH5HES9U96GW_Slice_50,
MKVZDR7UDH5HES9U96GW_Slice_51,
MKVZDR7UDH5HES9U96GW_Slice_52,
MKVZDR7UDH5HES9U96GW_Slice_53,
MKVZDR7UDH5HES9U96GW_Slice_54,
MKVZDR7UDH5HES9U96GW_Slice_55,
MKVZDR7UDH5HES9U96GW_Slice_56,
MKVZDR7UDH5HES9U96GW_Slice_57,
MKVZDR7UDH5HES9U96GW_Slice_58,
MKVZDR7UDH5HES9U96GW_Slice_59,
MKVZDR7UDH5HES9U96GW_Slice_60,
MKVZDR7UDH5HES9U96GW_Slice_61,
MKVZDR7UDH5HES9U96GW_Slice_62,
MKVZDR7UDH5HES9U96GW_Slice_63,
MKVZDR7UDH5HES9U96GW_Slice_64,
MKVZDR7UDH5HES9U96GW_Slice_65,
MKVZDR7UDH5HES9U96GW_Slice_66,
MKVZDR7UDH5HES9U96GW_Slice_67,
MKVZDR7UDH5HES9U96GW_Slice_68,
MKVZDR7UDH5HES9U96GW_Slice_69,
MKVZDR7UDH5HES9U96GW_Slice_70,
MKVZDR7UDH5HES9U96GW_Slice_71,
MKVZDR7UDH5HES9U96GW_Slice_72,
MKVZDR7UDH5HES9U96GW_Slice_73,
MKVZDR7UDH5HES9U96GW_Slice_74,
MKVZDR7UDH5HES9U96GW_Slice_75,
MKVZDR7UDH5HES9U96GW_Slice_76,
MKVZDR7UDH5HES9U96GW_Slice_77,
MKVZDR7UDH5HES9U96GW_Slice_78,
MKVZDR7UDH5HES9U96GW_Slice_79,
MKVZDR7UDH5HES9U96GW_Slice_80,
MKVZDR7UDH5HES9U96GW_Slice_81,
MKVZDR7UDH5HES9U96GW_Slice_82,
MKVZDR7UDH5HES9U96GW_Slice_83,
MKVZDR7UDH5HES9U96GW_Slice_84,
MKVZDR7UDH5HES9U96GW_Slice_85,
MKVZDR7UDH5HES9U96GW_Slice_86,
MKVZDR7UDH5HES9U96GW_Slice_87,
MMLTFB33BGQJ7ONEI0VF_Slice_0,
MMLTFB33BGQJ7ONEI0VF_Slice_1,
MMLTFB33BGQJ7ONEI0VF_Slice_2,
MMLTFB33BGQJ7ONEI0VF_Slice_3,
MMLTFB33BGQJ7ONEI0VF_Slice_4,
MMLTFB33BGQJ7ONEI0VF_Slice_5,
MMLTFB33BGQJ7ONEI0VF_Slice_6,
MMLTFB33BGQJ7ONEI0VF_Slice_7,
MMLTFB33BGQJ7ONEI0VF_Slice_8,
MMLTFB33BGQJ7ONEI0VF_Slice_9,
MMLTFB33BGQJ7ONEI0VF_Slice_10,
MMLTFB33BGQJ7ONEI0VF_Slice_11,
MMLTFB33BGQJ7ONEI0VF_Slice_12,
MMLTFB33BGQJ7ONEI0VF_Slice_13,
MMLTFB33BGQJ7ONEI0VF_Slice_14,
MMLTFB33BGQJ7ONEI0VF_Slice_15,
MMLTFB33BGQJ7ONEI0VF_Slice_16,
MMLTFB33BGQJ7ONEI0VF_Slice_17,
MMLTFB33BGQJ7ONEI0VF_Slice_18,
MMLTFB33BGQJ7ONEI0VF_Slice_19,
MMLTFB33BGQJ7ONEI0VF_Slice_20,
MMLTFB33BGQJ7ONEI0VF_Slice_21,
MMLTFB33BGQJ7ONEI0VF_Slice_22,
MMLTFB33BGQJ7ONEI0VF_Slice_23,
MMLTFB33BGQJ7ONEI0VF_Slice_24,
MMLTFB33BGQJ7ONEI0VF_Slice_25,
MMLTFB33BGQJ7ONEI0VF_Slice_26,
MMLTFB33BGQJ7ONEI0VF_Slice_27,
MMLTFB33BGQJ7ONEI0VF_Slice_28,
MMLTFB33BGQJ7ONEI0VF_Slice_29,
MMLTFB33BGQJ7ONEI0VF_Slice_30,
MMLTFB33BGQJ7ONEI0VF_Slice_31,
MMLTFB33BGQJ7ONEI0VF_Slice_32,
MMLTFB33BGQJ7ONEI0VF_Slice_33,
MMLTFB33BGQJ7ONEI0VF_Slice_34,
MMLTFB33BGQJ7ONEI0VF_Slice_35,
MMLTFB33BGQJ7ONEI0VF_Slice_36,
MMLTFB33BGQJ7ONEI0VF_Slice_37,
MMLTFB33BGQJ7ONEI0VF_Slice_38,
MMLTFB33BGQJ7ONEI0VF_Slice_39,
MMLTFB33BGQJ7ONEI0VF_Slice_40,
MMLTFB33BGQJ7ONEI0VF_Slice_41,
MMLTFB33BGQJ7ONEI0VF_Slice_42,
MMLTFB33BGQJ7ONEI0VF_Slice_43,
MMLTFB33BGQJ7ONEI0VF_Slice_44,
MMLTFB33BGQJ7ONEI0VF_Slice_45,
MMLTFB33BGQJ7ONEI0VF_Slice_46,
MMLTFB33BGQJ7ONEI0VF_Slice_47,
MMLTFB33BGQJ7ONEI0VF_Slice_48,
MMLTFB33BGQJ7ONEI0VF_Slice_49,
MMLTFB33BGQJ7ONEI0VF_Slice_50,
MMLTFB33BGQJ7ONEI0VF_Slice_51,
MMLTFB33BGQJ7ONEI0VF_Slice_52,
MMLTFB33BGQJ7ONEI0VF_Slice_53,
MMLTFB33BGQJ7ONEI0VF_Slice_54,
MMLTFB33BGQJ7ONEI0VF_Slice_55,
MMLTFB33BGQJ7ONEI0VF_Slice_56,
MMLTFB33BGQJ7ONEI0VF_Slice_57,
MMLTFB33BGQJ7ONEI0VF_Slice_58,
MMLTFB33BGQJ7ONEI0VF_Slice_59,
MMLTFB33BGQJ7ONEI0VF_Slice_60,
MMLTFB33BGQJ7ONEI0VF_Slice_61,
MMLTFB33BGQJ7ONEI0VF_Slice_62,
MMLTFB33BGQJ7ONEI0VF_Slice_63,
MMLTFB33BGQJ7ONEI0VF_Slice_64,
MMLTFB33BGQJ7ONEI0VF_Slice_65,
MMLTFB33BGQJ7ONEI0VF_Slice_66,
MMLTFB33BGQJ7ONEI0VF_Slice_67,
MMLTFB33BGQJ7ONEI0VF_Slice_68,
MMLTFB33BGQJ7ONEI0VF_Slice_69,
MMLTFB33BGQJ7ONEI0VF_Slice_70,
MMLTFB33BGQJ7ONEI0VF_Slice_71,
MMLTFB33BGQJ7ONEI0VF_Slice_72,
MMLTFB33BGQJ7ONEI0VF_Slice_73,
MMLTFB33BGQJ7ONEI0VF_Slice_74,
MMLTFB33BGQJ7ONEI0VF_Slice_75,
MMLTFB33BGQJ7ONEI0VF_Slice_76,
MMLTFB33BGQJ7ONEI0VF_Slice_77,
MMLTFB33BGQJ7ONEI0VF_Slice_78,
MMLTFB33BGQJ7ONEI0VF_Slice_79,
MMLTFB33BGQJ7ONEI0VF_Slice_80,
MMLTFB33BGQJ7ONEI0VF_Slice_81,
MMLTFB33BGQJ7ONEI0VF_Slice_82,
MMLTFB33BGQJ7ONEI0VF_Slice_83,
MMLTFB33BGQJ7ONEI0VF_Slice_84,
MMLTFB33BGQJ7ONEI0VF_Slice_85,
MMLTFB33BGQJ7ONEI0VF_Slice_86,
MMLTFB33BGQJ7ONEI0VF_Slice_87,
OKKIVTFXQIUPULV7MA6M_Slice_0,
OKKIVTFXQIUPULV7MA6M_Slice_1,
OKKIVTFXQIUPULV7MA6M_Slice_2,
OKKIVTFXQIUPULV7MA6M_Slice_3,
OKKIVTFXQIUPULV7MA6M_Slice_4,
OKKIVTFXQIUPULV7MA6M_Slice_5,
OKKIVTFXQIUPULV7MA6M_Slice_6,
OKKIVTFXQIUPULV7MA6M_Slice_7,
OKKIVTFXQIUPULV7MA6M_Slice_8,
OKKIVTFXQIUPULV7MA6M_Slice_9,
OKKIVTFXQIUPULV7MA6M_Slice_10,
OKKIVTFXQIUPULV7MA6M_Slice_11,
OKKIVTFXQIUPULV7MA6M_Slice_12,
OKKIVTFXQIUPULV7MA6M_Slice_13,
OKKIVTFXQIUPULV7MA6M_Slice_14,
OKKIVTFXQIUPULV7MA6M_Slice_15,
OKKIVTFXQIUPULV7MA6M_Slice_16,
OKKIVTFXQIUPULV7MA6M_Slice_17,
OKKIVTFXQIUPULV7MA6M_Slice_18,
OKKIVTFXQIUPULV7MA6M_Slice_19,
OKKIVTFXQIUPULV7MA6M_Slice_20,
OKKIVTFXQIUPULV7MA6M_Slice_21,
OKKIVTFXQIUPULV7MA6M_Slice_22,
OKKIVTFXQIUPULV7MA6M_Slice_23,
OKKIVTFXQIUPULV7MA6M_Slice_24,
OKKIVTFXQIUPULV7MA6M_Slice_25,
OKKIVTFXQIUPULV7MA6M_Slice_26,
OKKIVTFXQIUPULV7MA6M_Slice_27,
OKKIVTFXQIUPULV7MA6M_Slice_28,
OKKIVTFXQIUPULV7MA6M_Slice_29,
OKKIVTFXQIUPULV7MA6M_Slice_30,
OKKIVTFXQIUPULV7MA6M_Slice_31,
OKKIVTFXQIUPULV7MA6M_Slice_32,
OKKIVTFXQIUPULV7MA6M_Slice_33,
OKKIVTFXQIUPULV7MA6M_Slice_34,
OKKIVTFXQIUPULV7MA6M_Slice_35,
OKKIVTFXQIUPULV7MA6M_Slice_36,
OKKIVTFXQIUPULV7MA6M_Slice_37,
OKKIVTFXQIUPULV7MA6M_Slice_38,
OKKIVTFXQIUPULV7MA6M_Slice_39,
OKKIVTFXQIUPULV7MA6M_Slice_40,
OKKIVTFXQIUPULV7MA6M_Slice_41,
OKKIVTFXQIUPULV7MA6M_Slice_42,
OKKIVTFXQIUPULV7MA6M_Slice_43,
OKKIVTFXQIUPULV7MA6M_Slice_44,
OKKIVTFXQIUPULV7MA6M_Slice_45,
OKKIVTFXQIUPULV7MA6M_Slice_46,
OKKIVTFXQIUPULV7MA6M_Slice_47,
OKKIVTFXQIUPULV7MA6M_Slice_48,
OKKIVTFXQIUPULV7MA6M_Slice_49,
OKKIVTFXQIUPULV7MA6M_Slice_50,
OKKIVTFXQIUPULV7MA6M_Slice_51,
OKKIVTFXQIUPULV7MA6M_Slice_52,
OKKIVTFXQIUPULV7MA6M_Slice_53,
OKKIVTFXQIUPULV7MA6M_Slice_54,
OKKIVTFXQIUPULV7MA6M_Slice_55,
OKKIVTFXQIUPULV7MA6M_Slice_56,
OKKIVTFXQIUPULV7MA6M_Slice_57,
OKKIVTFXQIUPULV7MA6M_Slice_58,
OKKIVTFXQIUPULV7MA6M_Slice_59,
OKKIVTFXQIUPULV7MA6M_Slice_60,
OKKIVTFXQIUPULV7MA6M_Slice_61,
OKKIVTFXQIUPULV7MA6M_Slice_62,
OKKIVTFXQIUPULV7MA6M_Slice_63,
OKKIVTFXQIUPULV7MA6M_Slice_64,
OKKIVTFXQIUPULV7MA6M_Slice_65,
OKKIVTFXQIUPULV7MA6M_Slice_66,
OKKIVTFXQIUPULV7MA6M_Slice_67,
OKKIVTFXQIUPULV7MA6M_Slice_68,
OKKIVTFXQIUPULV7MA6M_Slice_69,
OKKIVTFXQIUPULV7MA6M_Slice_70,
OKKIVTFXQIUPULV7MA6M_Slice_71,
OKKIVTFXQIUPULV7MA6M_Slice_72,
OKKIVTFXQIUPULV7MA6M_Slice_73,
OKKIVTFXQIUPULV7MA6M_Slice_74,
OKKIVTFXQIUPULV7MA6M_Slice_75,
OKKIVTFXQIUPULV7MA6M_Slice_76,
OKKIVTFXQIUPULV7MA6M_Slice_77,
OKKIVTFXQIUPULV7MA6M_Slice_78,
OKKIVTFXQIUPULV7MA6M_Slice_79,
OKKIVTFXQIUPULV7MA6M_Slice_80,
OKKIVTFXQIUPULV7MA6M_Slice_81,
OKKIVTFXQIUPULV7MA6M_Slice_82,
OKKIVTFXQIUPULV7MA6M_Slice_83,
OKKIVTFXQIUPULV7MA6M_Slice_84,
OKKIVTFXQIUPULV7MA6M_Slice_85,
OKKIVTFXQIUPULV7MA6M_Slice_86,
OKKIVTFXQIUPULV7MA6M_Slice_87,
S9HMB3CY6737UDPG6TN2_Slice_0,
S9HMB3CY6737UDPG6TN2_Slice_1,
S9HMB3CY6737UDPG6TN2_Slice_2,
S9HMB3CY6737UDPG6TN2_Slice_3,
S9HMB3CY6737UDPG6TN2_Slice_4,
S9HMB3CY6737UDPG6TN2_Slice_5,
S9HMB3CY6737UDPG6TN2_Slice_6,
S9HMB3CY6737UDPG6TN2_Slice_7,
S9HMB3CY6737UDPG6TN2_Slice_8,
S9HMB3CY6737UDPG6TN2_Slice_9,
S9HMB3CY6737UDPG6TN2_Slice_10,
S9HMB3CY6737UDPG6TN2_Slice_11,
S9HMB3CY6737UDPG6TN2_Slice_12,
S9HMB3CY6737UDPG6TN2_Slice_13,
S9HMB3CY6737UDPG6TN2_Slice_14,
S9HMB3CY6737UDPG6TN2_Slice_15,
S9HMB3CY6737UDPG6TN2_Slice_16,
S9HMB3CY6737UDPG6TN2_Slice_17,
S9HMB3CY6737UDPG6TN2_Slice_18,
S9HMB3CY6737UDPG6TN2_Slice_19,
S9HMB3CY6737UDPG6TN2_Slice_20,
S9HMB3CY6737UDPG6TN2_Slice_21,
S9HMB3CY6737UDPG6TN2_Slice_22,
S9HMB3CY6737UDPG6TN2_Slice_23,
S9HMB3CY6737UDPG6TN2_Slice_24,
S9HMB3CY6737UDPG6TN2_Slice_25,
S9HMB3CY6737UDPG6TN2_Slice_26,
S9HMB3CY6737UDPG6TN2_Slice_27,
S9HMB3CY6737UDPG6TN2_Slice_28,
S9HMB3CY6737UDPG6TN2_Slice_29,
S9HMB3CY6737UDPG6TN2_Slice_30,
S9HMB3CY6737UDPG6TN2_Slice_31,
S9HMB3CY6737UDPG6TN2_Slice_32,
S9HMB3CY6737UDPG6TN2_Slice_33,
S9HMB3CY6737UDPG6TN2_Slice_34,
S9HMB3CY6737UDPG6TN2_Slice_35,
S9HMB3CY6737UDPG6TN2_Slice_36,
S9HMB3CY6737UDPG6TN2_Slice_37,
S9HMB3CY6737UDPG6TN2_Slice_38,
S9HMB3CY6737UDPG6TN2_Slice_39,
S9HMB3CY6737UDPG6TN2_Slice_40,
S9HMB3CY6737UDPG6TN2_Slice_41,
S9HMB3CY6737UDPG6TN2_Slice_42,
S9HMB3CY6737UDPG6TN2_Slice_43,
S9HMB3CY6737UDPG6TN2_Slice_44,
S9HMB3CY6737UDPG6TN2_Slice_45,
S9HMB3CY6737UDPG6TN2_Slice_46,
S9HMB3CY6737UDPG6TN2_Slice_47,
S9HMB3CY6737UDPG6TN2_Slice_48,
S9HMB3CY6737UDPG6TN2_Slice_49,
S9HMB3CY6737UDPG6TN2_Slice_50,
S9HMB3CY6737UDPG6TN2_Slice_51,
S9HMB3CY6737UDPG6TN2_Slice_52,
S9HMB3CY6737UDPG6TN2_Slice_53,
S9HMB3CY6737UDPG6TN2_Slice_54,
S9HMB3CY6737UDPG6TN2_Slice_55,
S9HMB3CY6737UDPG6TN2_Slice_56,
S9HMB3CY6737UDPG6TN2_Slice_57,
S9HMB3CY6737UDPG6TN2_Slice_58,
S9HMB3CY6737UDPG6TN2_Slice_59,
S9HMB3CY6737UDPG6TN2_Slice_60,
S9HMB3CY6737UDPG6TN2_Slice_61,
S9HMB3CY6737UDPG6TN2_Slice_62,
S9HMB3CY6737UDPG6TN2_Slice_63,
S9HMB3CY6737UDPG6TN2_Slice_64,
S9HMB3CY6737UDPG6TN2_Slice_65,
S9HMB3CY6737UDPG6TN2_Slice_66,
S9HMB3CY6737UDPG6TN2_Slice_67,
S9HMB3CY6737UDPG6TN2_Slice_68,
S9HMB3CY6737UDPG6TN2_Slice_69,
S9HMB3CY6737UDPG6TN2_Slice_70,
S9HMB3CY6737UDPG6TN2_Slice_71,
S9HMB3CY6737UDPG6TN2_Slice_72,
S9HMB3CY6737UDPG6TN2_Slice_73,
S9HMB3CY6737UDPG6TN2_Slice_74,
S9HMB3CY6737UDPG6TN2_Slice_75,
S9HMB3CY6737UDPG6TN2_Slice_76,
S9HMB3CY6737UDPG6TN2_Slice_77,
S9HMB3CY6737UDPG6TN2_Slice_78,
S9HMB3CY6737UDPG6TN2_Slice_79,
S9HMB3CY6737UDPG6TN2_Slice_80,
S9HMB3CY6737UDPG6TN2_Slice_81,
S9HMB3CY6737UDPG6TN2_Slice_82,
S9HMB3CY6737UDPG6TN2_Slice_83,
S9HMB3CY6737UDPG6TN2_Slice_84,
S9HMB3CY6737UDPG6TN2_Slice_85,
S9HMB3CY6737UDPG6TN2_Slice_86,
S9HMB3CY6737UDPG6TN2_Slice_87,
SXKQQ96IEXC5VZOFAYFN_Slice_0,
SXKQQ96IEXC5VZOFAYFN_Slice_1,
SXKQQ96IEXC5VZOFAYFN_Slice_2,
SXKQQ96IEXC5VZOFAYFN_Slice_3,
SXKQQ96IEXC5VZOFAYFN_Slice_4,
SXKQQ96IEXC5VZOFAYFN_Slice_5,
SXKQQ96IEXC5VZOFAYFN_Slice_6,
SXKQQ96IEXC5VZOFAYFN_Slice_7,
SXKQQ96IEXC5VZOFAYFN_Slice_8,
SXKQQ96IEXC5VZOFAYFN_Slice_9,
SXKQQ96IEXC5VZOFAYFN_Slice_10,
SXKQQ96IEXC5VZOFAYFN_Slice_11,
SXKQQ96IEXC5VZOFAYFN_Slice_12,
SXKQQ96IEXC5VZOFAYFN_Slice_13,
SXKQQ96IEXC5VZOFAYFN_Slice_14,
SXKQQ96IEXC5VZOFAYFN_Slice_15,
SXKQQ96IEXC5VZOFAYFN_Slice_16,
SXKQQ96IEXC5VZOFAYFN_Slice_17,
SXKQQ96IEXC5VZOFAYFN_Slice_18,
SXKQQ96IEXC5VZOFAYFN_Slice_19,
SXKQQ96IEXC5VZOFAYFN_Slice_20,
SXKQQ96IEXC5VZOFAYFN_Slice_21,
SXKQQ96IEXC5VZOFAYFN_Slice_22,
SXKQQ96IEXC5VZOFAYFN_Slice_23,
SXKQQ96IEXC5VZOFAYFN_Slice_24,
SXKQQ96IEXC5VZOFAYFN_Slice_25,
SXKQQ96IEXC5VZOFAYFN_Slice_26,
SXKQQ96IEXC5VZOFAYFN_Slice_27,
SXKQQ96IEXC5VZOFAYFN_Slice_28,
SXKQQ96IEXC5VZOFAYFN_Slice_29,
SXKQQ96IEXC5VZOFAYFN_Slice_30,
SXKQQ96IEXC5VZOFAYFN_Slice_31,
SXKQQ96IEXC5VZOFAYFN_Slice_32,
SXKQQ96IEXC5VZOFAYFN_Slice_33,
SXKQQ96IEXC5VZOFAYFN_Slice_34,
SXKQQ96IEXC5VZOFAYFN_Slice_35,
SXKQQ96IEXC5VZOFAYFN_Slice_36,
SXKQQ96IEXC5VZOFAYFN_Slice_37,
SXKQQ96IEXC5VZOFAYFN_Slice_38,
SXKQQ96IEXC5VZOFAYFN_Slice_39,
SXKQQ96IEXC5VZOFAYFN_Slice_40,
SXKQQ96IEXC5VZOFAYFN_Slice_41,
SXKQQ96IEXC5VZOFAYFN_Slice_42,
SXKQQ96IEXC5VZOFAYFN_Slice_43,
SXKQQ96IEXC5VZOFAYFN_Slice_44,
SXKQQ96IEXC5VZOFAYFN_Slice_45,
SXKQQ96IEXC5VZOFAYFN_Slice_46,
SXKQQ96IEXC5VZOFAYFN_Slice_47,
SXKQQ96IEXC5VZOFAYFN_Slice_48,
SXKQQ96IEXC5VZOFAYFN_Slice_49,
SXKQQ96IEXC5VZOFAYFN_Slice_50,
SXKQQ96IEXC5VZOFAYFN_Slice_51,
SXKQQ96IEXC5VZOFAYFN_Slice_52,
SXKQQ96IEXC5VZOFAYFN_Slice_53,
SXKQQ96IEXC5VZOFAYFN_Slice_54,
SXKQQ96IEXC5VZOFAYFN_Slice_55,
SXKQQ96IEXC5VZOFAYFN_Slice_56,
SXKQQ96IEXC5VZOFAYFN_Slice_57,
SXKQQ96IEXC5VZOFAYFN_Slice_58,
SXKQQ96IEXC5VZOFAYFN_Slice_59,
SXKQQ96IEXC5VZOFAYFN_Slice_60,
SXKQQ96IEXC5VZOFAYFN_Slice_61,
SXKQQ96IEXC5VZOFAYFN_Slice_62,
SXKQQ96IEXC5VZOFAYFN_Slice_63,
SXKQQ96IEXC5VZOFAYFN_Slice_64,
SXKQQ96IEXC5VZOFAYFN_Slice_65,
SXKQQ96IEXC5VZOFAYFN_Slice_66,
SXKQQ96IEXC5VZOFAYFN_Slice_67,
SXKQQ96IEXC5VZOFAYFN_Slice_68,
SXKQQ96IEXC5VZOFAYFN_Slice_69,
SXKQQ96IEXC5VZOFAYFN_Slice_70,
SXKQQ96IEXC5VZOFAYFN_Slice_71,
SXKQQ96IEXC5VZOFAYFN_Slice_72,
SXKQQ96IEXC5VZOFAYFN_Slice_73,
SXKQQ96IEXC5VZOFAYFN_Slice_74,
SXKQQ96IEXC5VZOFAYFN_Slice_75,
SXKQQ96IEXC5VZOFAYFN_Slice_76,
SXKQQ96IEXC5VZOFAYFN_Slice_77,
SXKQQ96IEXC5VZOFAYFN_Slice_78,
SXKQQ96IEXC5VZOFAYFN_Slice_79,
SXKQQ96IEXC5VZOFAYFN_Slice_80,
SXKQQ96IEXC5VZOFAYFN_Slice_81,
SXKQQ96IEXC5VZOFAYFN_Slice_82,
SXKQQ96IEXC5VZOFAYFN_Slice_83,
SXKQQ96IEXC5VZOFAYFN_Slice_84,
SXKQQ96IEXC5VZOFAYFN_Slice_85,
SXKQQ96IEXC5VZOFAYFN_Slice_86,
SXKQQ96IEXC5VZOFAYFN_Slice_87,
UOTC6ZI12583GTMLHKAL_Slice_0,
UOTC6ZI12583GTMLHKAL_Slice_1,
UOTC6ZI12583GTMLHKAL_Slice_2,
UOTC6ZI12583GTMLHKAL_Slice_3,
UOTC6ZI12583GTMLHKAL_Slice_4,
UOTC6ZI12583GTMLHKAL_Slice_5,
UOTC6ZI12583GTMLHKAL_Slice_6,
UOTC6ZI12583GTMLHKAL_Slice_7,
UOTC6ZI12583GTMLHKAL_Slice_8,
UOTC6ZI12583GTMLHKAL_Slice_9,
UOTC6ZI12583GTMLHKAL_Slice_10,
UOTC6ZI12583GTMLHKAL_Slice_11,
UOTC6ZI12583GTMLHKAL_Slice_12,
UOTC6ZI12583GTMLHKAL_Slice_13,
UOTC6ZI12583GTMLHKAL_Slice_14,
UOTC6ZI12583GTMLHKAL_Slice_15,
UOTC6ZI12583GTMLHKAL_Slice_16,
UOTC6ZI12583GTMLHKAL_Slice_17,
UOTC6ZI12583GTMLHKAL_Slice_18,
UOTC6ZI12583GTMLHKAL_Slice_19,
UOTC6ZI12583GTMLHKAL_Slice_20,
UOTC6ZI12583GTMLHKAL_Slice_21,
UOTC6ZI12583GTMLHKAL_Slice_22,
UOTC6ZI12583GTMLHKAL_Slice_23,
UOTC6ZI12583GTMLHKAL_Slice_24,
UOTC6ZI12583GTMLHKAL_Slice_25,
UOTC6ZI12583GTMLHKAL_Slice_26,
UOTC6ZI12583GTMLHKAL_Slice_27,
UOTC6ZI12583GTMLHKAL_Slice_28,
UOTC6ZI12583GTMLHKAL_Slice_29,
UOTC6ZI12583GTMLHKAL_Slice_30,
UOTC6ZI12583GTMLHKAL_Slice_31,
UOTC6ZI12583GTMLHKAL_Slice_32,
UOTC6ZI12583GTMLHKAL_Slice_33,
UOTC6ZI12583GTMLHKAL_Slice_34,
UOTC6ZI12583GTMLHKAL_Slice_35,
UOTC6ZI12583GTMLHKAL_Slice_36,
UOTC6ZI12583GTMLHKAL_Slice_37,
UOTC6ZI12583GTMLHKAL_Slice_38,
UOTC6ZI12583GTMLHKAL_Slice_39,
UOTC6ZI12583GTMLHKAL_Slice_40,
UOTC6ZI12583GTMLHKAL_Slice_41,
UOTC6ZI12583GTMLHKAL_Slice_42,
UOTC6ZI12583GTMLHKAL_Slice_43,
UOTC6ZI12583GTMLHKAL_Slice_44,
UOTC6ZI12583GTMLHKAL_Slice_45,
UOTC6ZI12583GTMLHKAL_Slice_46,
UOTC6ZI12583GTMLHKAL_Slice_47,
UOTC6ZI12583GTMLHKAL_Slice_48,
UOTC6ZI12583GTMLHKAL_Slice_49,
UOTC6ZI12583GTMLHKAL_Slice_50,
UOTC6ZI12583GTMLHKAL_Slice_51,
UOTC6ZI12583GTMLHKAL_Slice_52,
UOTC6ZI12583GTMLHKAL_Slice_53,
UOTC6ZI12583GTMLHKAL_Slice_54,
UOTC6ZI12583GTMLHKAL_Slice_55,
UOTC6ZI12583GTMLHKAL_Slice_56,
UOTC6ZI12583GTMLHKAL_Slice_57,
UOTC6ZI12583GTMLHKAL_Slice_58,
UOTC6ZI12583GTMLHKAL_Slice_59,
UOTC6ZI12583GTMLHKAL_Slice_60,
UOTC6ZI12583GTMLHKAL_Slice_61,
UOTC6ZI12583GTMLHKAL_Slice_62,
UOTC6ZI12583GTMLHKAL_Slice_63,
UOTC6ZI12583GTMLHKAL_Slice_64,
UOTC6ZI12583GTMLHKAL_Slice_65,
UOTC6ZI12583GTMLHKAL_Slice_66,
UOTC6ZI12583GTMLHKAL_Slice_67,
UOTC6ZI12583GTMLHKAL_Slice_68,
UOTC6ZI12583GTMLHKAL_Slice_69,
UOTC6ZI12583GTMLHKAL_Slice_70,
UOTC6ZI12583GTMLHKAL_Slice_71,
UOTC6ZI12583GTMLHKAL_Slice_72,
UOTC6ZI12583GTMLHKAL_Slice_73,
UOTC6ZI12583GTMLHKAL_Slice_74,
UOTC6ZI12583GTMLHKAL_Slice_75,
UOTC6ZI12583GTMLHKAL_Slice_76,
UOTC6ZI12583GTMLHKAL_Slice_77,
UOTC6ZI12583GTMLHKAL_Slice_78,
UOTC6ZI12583GTMLHKAL_Slice_79,
UOTC6ZI12583GTMLHKAL_Slice_80,
UOTC6ZI12583GTMLHKAL_Slice_81,
UOTC6ZI12583GTMLHKAL_Slice_82,
UOTC6ZI12583GTMLHKAL_Slice_83,
UOTC6ZI12583GTMLHKAL_Slice_84,
UOTC6ZI12583GTMLHKAL_Slice_85,
UOTC6ZI12583GTMLHKAL_Slice_86,
UOTC6ZI12583GTMLHKAL_Slice_87,
WFHG191DWLD2L8BD7CX6_Slice_0,
WFHG191DWLD2L8BD7CX6_Slice_1,
WFHG191DWLD2L8BD7CX6_Slice_2,
WFHG191DWLD2L8BD7CX6_Slice_3,
WFHG191DWLD2L8BD7CX6_Slice_4,
WFHG191DWLD2L8BD7CX6_Slice_5,
WFHG191DWLD2L8BD7CX6_Slice_6,
WFHG191DWLD2L8BD7CX6_Slice_7,
WFHG191DWLD2L8BD7CX6_Slice_8,
WFHG191DWLD2L8BD7CX6_Slice_9,
WFHG191DWLD2L8BD7CX6_Slice_10,
WFHG191DWLD2L8BD7CX6_Slice_11,
WFHG191DWLD2L8BD7CX6_Slice_12,
WFHG191DWLD2L8BD7CX6_Slice_13,
WFHG191DWLD2L8BD7CX6_Slice_14,
WFHG191DWLD2L8BD7CX6_Slice_15,
WFHG191DWLD2L8BD7CX6_Slice_16,
WFHG191DWLD2L8BD7CX6_Slice_17,
WFHG191DWLD2L8BD7CX6_Slice_18,
WFHG191DWLD2L8BD7CX6_Slice_19,
WFHG191DWLD2L8BD7CX6_Slice_20,
WFHG191DWLD2L8BD7CX6_Slice_21,
WFHG191DWLD2L8BD7CX6_Slice_22,
WFHG191DWLD2L8BD7CX6_Slice_23,
WFHG191DWLD2L8BD7CX6_Slice_24,
WFHG191DWLD2L8BD7CX6_Slice_25,
WFHG191DWLD2L8BD7CX6_Slice_26,
WFHG191DWLD2L8BD7CX6_Slice_27,
WFHG191DWLD2L8BD7CX6_Slice_28,
WFHG191DWLD2L8BD7CX6_Slice_29,
WFHG191DWLD2L8BD7CX6_Slice_30,
WFHG191DWLD2L8BD7CX6_Slice_31,
WFHG191DWLD2L8BD7CX6_Slice_32,
WFHG191DWLD2L8BD7CX6_Slice_33,
WFHG191DWLD2L8BD7CX6_Slice_34,
WFHG191DWLD2L8BD7CX6_Slice_35,
WFHG191DWLD2L8BD7CX6_Slice_36,
WFHG191DWLD2L8BD7CX6_Slice_37,
WFHG191DWLD2L8BD7CX6_Slice_38,
WFHG191DWLD2L8BD7CX6_Slice_39,
WFHG191DWLD2L8BD7CX6_Slice_40,
WFHG191DWLD2L8BD7CX6_Slice_41,
WFHG191DWLD2L8BD7CX6_Slice_42,
WFHG191DWLD2L8BD7CX6_Slice_43,
WFHG191DWLD2L8BD7CX6_Slice_44,
WFHG191DWLD2L8BD7CX6_Slice_45,
WFHG191DWLD2L8BD7CX6_Slice_46,
WFHG191DWLD2L8BD7CX6_Slice_47,
WFHG191DWLD2L8BD7CX6_Slice_48,
WFHG191DWLD2L8BD7CX6_Slice_49,
WFHG191DWLD2L8BD7CX6_Slice_50,
WFHG191DWLD2L8BD7CX6_Slice_51,
WFHG191DWLD2L8BD7CX6_Slice_52,
WFHG191DWLD2L8BD7CX6_Slice_53,
WFHG191DWLD2L8BD7CX6_Slice_54,
WFHG191DWLD2L8BD7CX6_Slice_55,
WFHG191DWLD2L8BD7CX6_Slice_56,
WFHG191DWLD2L8BD7CX6_Slice_57,
WFHG191DWLD2L8BD7CX6_Slice_58,
WFHG191DWLD2L8BD7CX6_Slice_59,
WFHG191DWLD2L8BD7CX6_Slice_60,
WFHG191DWLD2L8BD7CX6_Slice_61,
WFHG191DWLD2L8BD7CX6_Slice_62,
WFHG191DWLD2L8BD7CX6_Slice_63,
WFHG191DWLD2L8BD7CX6_Slice_64,
WFHG191DWLD2L8BD7CX6_Slice_65,
WFHG191DWLD2L8BD7CX6_Slice_66,
WFHG191DWLD2L8BD7CX6_Slice_67,
WFHG191DWLD2L8BD7CX6_Slice_68,
WFHG191DWLD2L8BD7CX6_Slice_69,
WFHG191DWLD2L8BD7CX6_Slice_70,
WFHG191DWLD2L8BD7CX6_Slice_71,
WFHG191DWLD2L8BD7CX6_Slice_72,
WFHG191DWLD2L8BD7CX6_Slice_73,
WFHG191DWLD2L8BD7CX6_Slice_74,
WFHG191DWLD2L8BD7CX6_Slice_75,
WFHG191DWLD2L8BD7CX6_Slice_76,
WFHG191DWLD2L8BD7CX6_Slice_77,
WFHG191DWLD2L8BD7CX6_Slice_78,
WFHG191DWLD2L8BD7CX6_Slice_79,
WFHG191DWLD2L8BD7CX6_Slice_80,
WFHG191DWLD2L8BD7CX6_Slice_81,
WFHG191DWLD2L8BD7CX6_Slice_82,
WFHG191DWLD2L8BD7CX6_Slice_83,
WFHG191DWLD2L8BD7CX6_Slice_84,
WFHG191DWLD2L8BD7CX6_Slice_85,
WFHG191DWLD2L8BD7CX6_Slice_86,
WFHG191DWLD2L8BD7CX6_Slice_87,
WP01DLGNFGO38E0YVLSW_Slice_0,
WP01DLGNFGO38E0YVLSW_Slice_1,
WP01DLGNFGO38E0YVLSW_Slice_2,
WP01DLGNFGO38E0YVLSW_Slice_3,
WP01DLGNFGO38E0YVLSW_Slice_4,
WP01DLGNFGO38E0YVLSW_Slice_5,
WP01DLGNFGO38E0YVLSW_Slice_6,
WP01DLGNFGO38E0YVLSW_Slice_7,
WP01DLGNFGO38E0YVLSW_Slice_8,
WP01DLGNFGO38E0YVLSW_Slice_9,
WP01DLGNFGO38E0YVLSW_Slice_10,
WP01DLGNFGO38E0YVLSW_Slice_11,
WP01DLGNFGO38E0YVLSW_Slice_12,
WP01DLGNFGO38E0YVLSW_Slice_13,
WP01DLGNFGO38E0YVLSW_Slice_14,
WP01DLGNFGO38E0YVLSW_Slice_15,
WP01DLGNFGO38E0YVLSW_Slice_16,
WP01DLGNFGO38E0YVLSW_Slice_17,
WP01DLGNFGO38E0YVLSW_Slice_18,
WP01DLGNFGO38E0YVLSW_Slice_19,
WP01DLGNFGO38E0YVLSW_Slice_20,
WP01DLGNFGO38E0YVLSW_Slice_21,
WP01DLGNFGO38E0YVLSW_Slice_22,
WP01DLGNFGO38E0YVLSW_Slice_23,
WP01DLGNFGO38E0YVLSW_Slice_24,
WP01DLGNFGO38E0YVLSW_Slice_25,
WP01DLGNFGO38E0YVLSW_Slice_26,
WP01DLGNFGO38E0YVLSW_Slice_27,
WP01DLGNFGO38E0YVLSW_Slice_28,
WP01DLGNFGO38E0YVLSW_Slice_29,
WP01DLGNFGO38E0YVLSW_Slice_30,
WP01DLGNFGO38E0YVLSW_Slice_31,
WP01DLGNFGO38E0YVLSW_Slice_32,
WP01DLGNFGO38E0YVLSW_Slice_33,
WP01DLGNFGO38E0YVLSW_Slice_34,
WP01DLGNFGO38E0YVLSW_Slice_35,
WP01DLGNFGO38E0YVLSW_Slice_36,
WP01DLGNFGO38E0YVLSW_Slice_37,
WP01DLGNFGO38E0YVLSW_Slice_38,
WP01DLGNFGO38E0YVLSW_Slice_39,
WP01DLGNFGO38E0YVLSW_Slice_40,
WP01DLGNFGO38E0YVLSW_Slice_41,
WP01DLGNFGO38E0YVLSW_Slice_42,
WP01DLGNFGO38E0YVLSW_Slice_43,
WP01DLGNFGO38E0YVLSW_Slice_44,
WP01DLGNFGO38E0YVLSW_Slice_45,
WP01DLGNFGO38E0YVLSW_Slice_46,
WP01DLGNFGO38E0YVLSW_Slice_47,
WP01DLGNFGO38E0YVLSW_Slice_48,
WP01DLGNFGO38E0YVLSW_Slice_49,
WP01DLGNFGO38E0YVLSW_Slice_50,
WP01DLGNFGO38E0YVLSW_Slice_51,
WP01DLGNFGO38E0YVLSW_Slice_52,
WP01DLGNFGO38E0YVLSW_Slice_53,
WP01DLGNFGO38E0YVLSW_Slice_54,
WP01DLGNFGO38E0YVLSW_Slice_55,
WP01DLGNFGO38E0YVLSW_Slice_56,
WP01DLGNFGO38E0YVLSW_Slice_57,
WP01DLGNFGO38E0YVLSW_Slice_58,
WP01DLGNFGO38E0YVLSW_Slice_59,
WP01DLGNFGO38E0YVLSW_Slice_60,
WP01DLGNFGO38E0YVLSW_Slice_61,
WP01DLGNFGO38E0YVLSW_Slice_62,
WP01DLGNFGO38E0YVLSW_Slice_63,
WP01DLGNFGO38E0YVLSW_Slice_64,
WP01DLGNFGO38E0YVLSW_Slice_65,
WP01DLGNFGO38E0YVLSW_Slice_66,
WP01DLGNFGO38E0YVLSW_Slice_67,
WP01DLGNFGO38E0YVLSW_Slice_68,
WP01DLGNFGO38E0YVLSW_Slice_69,
WP01DLGNFGO38E0YVLSW_Slice_70,
WP01DLGNFGO38E0YVLSW_Slice_71,
WP01DLGNFGO38E0YVLSW_Slice_72,
WP01DLGNFGO38E0YVLSW_Slice_73,
WP01DLGNFGO38E0YVLSW_Slice_74,
WP01DLGNFGO38E0YVLSW_Slice_75,
WP01DLGNFGO38E0YVLSW_Slice_76,
WP01DLGNFGO38E0YVLSW_Slice_77,
WP01DLGNFGO38E0YVLSW_Slice_78,
WP01DLGNFGO38E0YVLSW_Slice_79,
WP01DLGNFGO38E0YVLSW_Slice_80,
WP01DLGNFGO38E0YVLSW_Slice_81,
WP01DLGNFGO38E0YVLSW_Slice_82,
WP01DLGNFGO38E0YVLSW_Slice_83,
WP01DLGNFGO38E0YVLSW_Slice_84,
WP01DLGNFGO38E0YVLSW_Slice_85,
WP01DLGNFGO38E0YVLSW_Slice_86,
WP01DLGNFGO38E0YVLSW_Slice_87,
X6X4WSG5012HCI1CRMX3_Slice_0,
X6X4WSG5012HCI1CRMX3_Slice_1,
X6X4WSG5012HCI1CRMX3_Slice_2,
X6X4WSG5012HCI1CRMX3_Slice_3,
X6X4WSG5012HCI1CRMX3_Slice_4,
X6X4WSG5012HCI1CRMX3_Slice_5,
X6X4WSG5012HCI1CRMX3_Slice_6,
X6X4WSG5012HCI1CRMX3_Slice_7,
X6X4WSG5012HCI1CRMX3_Slice_8,
X6X4WSG5012HCI1CRMX3_Slice_9,
X6X4WSG5012HCI1CRMX3_Slice_10,
X6X4WSG5012HCI1CRMX3_Slice_11,
X6X4WSG5012HCI1CRMX3_Slice_12,
X6X4WSG5012HCI1CRMX3_Slice_13,
X6X4WSG5012HCI1CRMX3_Slice_14,
X6X4WSG5012HCI1CRMX3_Slice_15,
X6X4WSG5012HCI1CRMX3_Slice_16,
X6X4WSG5012HCI1CRMX3_Slice_17,
X6X4WSG5012HCI1CRMX3_Slice_18,
X6X4WSG5012HCI1CRMX3_Slice_19,
X6X4WSG5012HCI1CRMX3_Slice_20,
X6X4WSG5012HCI1CRMX3_Slice_21,
X6X4WSG5012HCI1CRMX3_Slice_22,
X6X4WSG5012HCI1CRMX3_Slice_23,
X6X4WSG5012HCI1CRMX3_Slice_24,
X6X4WSG5012HCI1CRMX3_Slice_25,
X6X4WSG5012HCI1CRMX3_Slice_26,
X6X4WSG5012HCI1CRMX3_Slice_27,
X6X4WSG5012HCI1CRMX3_Slice_28,
X6X4WSG5012HCI1CRMX3_Slice_29,
X6X4WSG5012HCI1CRMX3_Slice_30,
X6X4WSG5012HCI1CRMX3_Slice_31,
X6X4WSG5012HCI1CRMX3_Slice_32,
X6X4WSG5012HCI1CRMX3_Slice_33,
X6X4WSG5012HCI1CRMX3_Slice_34,
X6X4WSG5012HCI1CRMX3_Slice_35,
X6X4WSG5012HCI1CRMX3_Slice_36,
X6X4WSG5012HCI1CRMX3_Slice_37,
X6X4WSG5012HCI1CRMX3_Slice_38,
X6X4WSG5012HCI1CRMX3_Slice_39,
X6X4WSG5012HCI1CRMX3_Slice_40,
X6X4WSG5012HCI1CRMX3_Slice_41,
X6X4WSG5012HCI1CRMX3_Slice_42,
X6X4WSG5012HCI1CRMX3_Slice_43,
X6X4WSG5012HCI1CRMX3_Slice_44,
X6X4WSG5012HCI1CRMX3_Slice_45,
X6X4WSG5012HCI1CRMX3_Slice_46,
X6X4WSG5012HCI1CRMX3_Slice_47,
X6X4WSG5012HCI1CRMX3_Slice_48,
X6X4WSG5012HCI1CRMX3_Slice_49,
X6X4WSG5012HCI1CRMX3_Slice_50,
X6X4WSG5012HCI1CRMX3_Slice_51,
X6X4WSG5012HCI1CRMX3_Slice_52,
X6X4WSG5012HCI1CRMX3_Slice_53,
X6X4WSG5012HCI1CRMX3_Slice_54,
X6X4WSG5012HCI1CRMX3_Slice_55,
X6X4WSG5012HCI1CRMX3_Slice_56,
X6X4WSG5012HCI1CRMX3_Slice_57,
X6X4WSG5012HCI1CRMX3_Slice_58,
X6X4WSG5012HCI1CRMX3_Slice_59,
X6X4WSG5012HCI1CRMX3_Slice_60,
X6X4WSG5012HCI1CRMX3_Slice_61,
X6X4WSG5012HCI1CRMX3_Slice_62,
X6X4WSG5012HCI1CRMX3_Slice_63,
X6X4WSG5012HCI1CRMX3_Slice_64,
X6X4WSG5012HCI1CRMX3_Slice_65,
X6X4WSG5012HCI1CRMX3_Slice_66,
X6X4WSG5012HCI1CRMX3_Slice_67,
X6X4WSG5012HCI1CRMX3_Slice_68,
X6X4WSG5012HCI1CRMX3_Slice_69,
X6X4WSG5012HCI1CRMX3_Slice_70,
X6X4WSG5012HCI1CRMX3_Slice_71,
X6X4WSG5012HCI1CRMX3_Slice_72,
X6X4WSG5012HCI1CRMX3_Slice_73,
X6X4WSG5012HCI1CRMX3_Slice_74,
X6X4WSG5012HCI1CRMX3_Slice_75,
X6X4WSG5012HCI1CRMX3_Slice_76,
X6X4WSG5012HCI1CRMX3_Slice_77,
X6X4WSG5012HCI1CRMX3_Slice_78,
X6X4WSG5012HCI1CRMX3_Slice_79,
X6X4WSG5012HCI1CRMX3_Slice_80,
X6X4WSG5012HCI1CRMX3_Slice_81,
X6X4WSG5012HCI1CRMX3_Slice_82,
X6X4WSG5012HCI1CRMX3_Slice_83,
X6X4WSG5012HCI1CRMX3_Slice_84,
X6X4WSG5012HCI1CRMX3_Slice_85,
X6X4WSG5012HCI1CRMX3_Slice_86,
X6X4WSG5012HCI1CRMX3_Slice_87,
Y17SIT4UVACAM0WNBAWD_Slice_0,
Y17SIT4UVACAM0WNBAWD_Slice_1,
Y17SIT4UVACAM0WNBAWD_Slice_2,
Y17SIT4UVACAM0WNBAWD_Slice_3,
Y17SIT4UVACAM0WNBAWD_Slice_4,
Y17SIT4UVACAM0WNBAWD_Slice_5,
Y17SIT4UVACAM0WNBAWD_Slice_6,
Y17SIT4UVACAM0WNBAWD_Slice_7,
Y17SIT4UVACAM0WNBAWD_Slice_8,
Y17SIT4UVACAM0WNBAWD_Slice_9,
Y17SIT4UVACAM0WNBAWD_Slice_10,
Y17SIT4UVACAM0WNBAWD_Slice_11,
Y17SIT4UVACAM0WNBAWD_Slice_12,
Y17SIT4UVACAM0WNBAWD_Slice_13,
Y17SIT4UVACAM0WNBAWD_Slice_14,
Y17SIT4UVACAM0WNBAWD_Slice_15,
Y17SIT4UVACAM0WNBAWD_Slice_16,
Y17SIT4UVACAM0WNBAWD_Slice_17,
Y17SIT4UVACAM0WNBAWD_Slice_18,
Y17SIT4UVACAM0WNBAWD_Slice_19,
Y17SIT4UVACAM0WNBAWD_Slice_20,
Y17SIT4UVACAM0WNBAWD_Slice_21,
Y17SIT4UVACAM0WNBAWD_Slice_22,
Y17SIT4UVACAM0WNBAWD_Slice_23,
Y17SIT4UVACAM0WNBAWD_Slice_24,
Y17SIT4UVACAM0WNBAWD_Slice_25,
Y17SIT4UVACAM0WNBAWD_Slice_26,
Y17SIT4UVACAM0WNBAWD_Slice_27,
Y17SIT4UVACAM0WNBAWD_Slice_28,
Y17SIT4UVACAM0WNBAWD_Slice_29,
Y17SIT4UVACAM0WNBAWD_Slice_30,
Y17SIT4UVACAM0WNBAWD_Slice_31,
Y17SIT4UVACAM0WNBAWD_Slice_32,
Y17SIT4UVACAM0WNBAWD_Slice_33,
Y17SIT4UVACAM0WNBAWD_Slice_34,
Y17SIT4UVACAM0WNBAWD_Slice_35,
Y17SIT4UVACAM0WNBAWD_Slice_36,
Y17SIT4UVACAM0WNBAWD_Slice_37,
Y17SIT4UVACAM0WNBAWD_Slice_38,
Y17SIT4UVACAM0WNBAWD_Slice_39,
Y17SIT4UVACAM0WNBAWD_Slice_40,
Y17SIT4UVACAM0WNBAWD_Slice_41,
Y17SIT4UVACAM0WNBAWD_Slice_42,
Y17SIT4UVACAM0WNBAWD_Slice_43,
Y17SIT4UVACAM0WNBAWD_Slice_44,
Y17SIT4UVACAM0WNBAWD_Slice_45,
Y17SIT4UVACAM0WNBAWD_Slice_46,
Y17SIT4UVACAM0WNBAWD_Slice_47,
Y17SIT4UVACAM0WNBAWD_Slice_48,
Y17SIT4UVACAM0WNBAWD_Slice_49,
Y17SIT4UVACAM0WNBAWD_Slice_50,
Y17SIT4UVACAM0WNBAWD_Slice_51,
Y17SIT4UVACAM0WNBAWD_Slice_52,
Y17SIT4UVACAM0WNBAWD_Slice_53,
Y17SIT4UVACAM0WNBAWD_Slice_54,
Y17SIT4UVACAM0WNBAWD_Slice_55,
Y17SIT4UVACAM0WNBAWD_Slice_56,
Y17SIT4UVACAM0WNBAWD_Slice_57,
Y17SIT4UVACAM0WNBAWD_Slice_58,
Y17SIT4UVACAM0WNBAWD_Slice_59,
Y17SIT4UVACAM0WNBAWD_Slice_60,
Y17SIT4UVACAM0WNBAWD_Slice_61,
Y17SIT4UVACAM0WNBAWD_Slice_62,
Y17SIT4UVACAM0WNBAWD_Slice_63,
Y17SIT4UVACAM0WNBAWD_Slice_64,
Y17SIT4UVACAM0WNBAWD_Slice_65,
Y17SIT4UVACAM0WNBAWD_Slice_66,
Y17SIT4UVACAM0WNBAWD_Slice_67,
Y17SIT4UVACAM0WNBAWD_Slice_68,
Y17SIT4UVACAM0WNBAWD_Slice_69,
Y17SIT4UVACAM0WNBAWD_Slice_70,
Y17SIT4UVACAM0WNBAWD_Slice_71,
Y17SIT4UVACAM0WNBAWD_Slice_72,
Y17SIT4UVACAM0WNBAWD_Slice_73,
Y17SIT4UVACAM0WNBAWD_Slice_74,
Y17SIT4UVACAM0WNBAWD_Slice_75,
Y17SIT4UVACAM0WNBAWD_Slice_76,
Y17SIT4UVACAM0WNBAWD_Slice_77,
Y17SIT4UVACAM0WNBAWD_Slice_78,
Y17SIT4UVACAM0WNBAWD_Slice_79,
Y17SIT4UVACAM0WNBAWD_Slice_80,
Y17SIT4UVACAM0WNBAWD_Slice_81,
Y17SIT4UVACAM0WNBAWD_Slice_82,
Y17SIT4UVACAM0WNBAWD_Slice_83,
Y17SIT4UVACAM0WNBAWD_Slice_84,
Y17SIT4UVACAM0WNBAWD_Slice_85,
Y17SIT4UVACAM0WNBAWD_Slice_86,
Y17SIT4UVACAM0WNBAWD_Slice_87,
YM0P648I12HKMF5QY4JO_Slice_0,
YM0P648I12HKMF5QY4JO_Slice_1,
YM0P648I12HKMF5QY4JO_Slice_2,
YM0P648I12HKMF5QY4JO_Slice_3,
YM0P648I12HKMF5QY4JO_Slice_4,
YM0P648I12HKMF5QY4JO_Slice_5,
YM0P648I12HKMF5QY4JO_Slice_6,
YM0P648I12HKMF5QY4JO_Slice_7,
YM0P648I12HKMF5QY4JO_Slice_8,
YM0P648I12HKMF5QY4JO_Slice_9,
YM0P648I12HKMF5QY4JO_Slice_10,
YM0P648I12HKMF5QY4JO_Slice_11,
YM0P648I12HKMF5QY4JO_Slice_12,
YM0P648I12HKMF5QY4JO_Slice_13,
YM0P648I12HKMF5QY4JO_Slice_14,
YM0P648I12HKMF5QY4JO_Slice_15,
YM0P648I12HKMF5QY4JO_Slice_16,
YM0P648I12HKMF5QY4JO_Slice_17,
YM0P648I12HKMF5QY4JO_Slice_18,
YM0P648I12HKMF5QY4JO_Slice_19,
YM0P648I12HKMF5QY4JO_Slice_20,
YM0P648I12HKMF5QY4JO_Slice_21,
YM0P648I12HKMF5QY4JO_Slice_22,
YM0P648I12HKMF5QY4JO_Slice_23,
YM0P648I12HKMF5QY4JO_Slice_24,
YM0P648I12HKMF5QY4JO_Slice_25,
YM0P648I12HKMF5QY4JO_Slice_26,
YM0P648I12HKMF5QY4JO_Slice_27,
YM0P648I12HKMF5QY4JO_Slice_28,
YM0P648I12HKMF5QY4JO_Slice_29,
YM0P648I12HKMF5QY4JO_Slice_30,
YM0P648I12HKMF5QY4JO_Slice_31,
YM0P648I12HKMF5QY4JO_Slice_32,
YM0P648I12HKMF5QY4JO_Slice_33,
YM0P648I12HKMF5QY4JO_Slice_34,
YM0P648I12HKMF5QY4JO_Slice_35,
YM0P648I12HKMF5QY4JO_Slice_36,
YM0P648I12HKMF5QY4JO_Slice_37,
YM0P648I12HKMF5QY4JO_Slice_38,
YM0P648I12HKMF5QY4JO_Slice_39,
YM0P648I12HKMF5QY4JO_Slice_40,
YM0P648I12HKMF5QY4JO_Slice_41,
YM0P648I12HKMF5QY4JO_Slice_42,
YM0P648I12HKMF5QY4JO_Slice_43,
YM0P648I12HKMF5QY4JO_Slice_44,
YM0P648I12HKMF5QY4JO_Slice_45,
YM0P648I12HKMF5QY4JO_Slice_46,
YM0P648I12HKMF5QY4JO_Slice_47,
YM0P648I12HKMF5QY4JO_Slice_48,
YM0P648I12HKMF5QY4JO_Slice_49,
YM0P648I12HKMF5QY4JO_Slice_50,
YM0P648I12HKMF5QY4JO_Slice_51,
YM0P648I12HKMF5QY4JO_Slice_52,
YM0P648I12HKMF5QY4JO_Slice_53,
YM0P648I12HKMF5QY4JO_Slice_54,
YM0P648I12HKMF5QY4JO_Slice_55,
YM0P648I12HKMF5QY4JO_Slice_56,
YM0P648I12HKMF5QY4JO_Slice_57,
YM0P648I12HKMF5QY4JO_Slice_58,
YM0P648I12HKMF5QY4JO_Slice_59,
YM0P648I12HKMF5QY4JO_Slice_60,
YM0P648I12HKMF5QY4JO_Slice_61,
YM0P648I12HKMF5QY4JO_Slice_62,
YM0P648I12HKMF5QY4JO_Slice_63,
YM0P648I12HKMF5QY4JO_Slice_64,
YM0P648I12HKMF5QY4JO_Slice_65,
YM0P648I12HKMF5QY4JO_Slice_66,
YM0P648I12HKMF5QY4JO_Slice_67,
YM0P648I12HKMF5QY4JO_Slice_68,
YM0P648I12HKMF5QY4JO_Slice_69,
YM0P648I12HKMF5QY4JO_Slice_70,
YM0P648I12HKMF5QY4JO_Slice_71,
YM0P648I12HKMF5QY4JO_Slice_72,
YM0P648I12HKMF5QY4JO_Slice_73,
YM0P648I12HKMF5QY4JO_Slice_74,
YM0P648I12HKMF5QY4JO_Slice_75,
YM0P648I12HKMF5QY4JO_Slice_76,
YM0P648I12HKMF5QY4JO_Slice_77,
YM0P648I12HKMF5QY4JO_Slice_78,
YM0P648I12HKMF5QY4JO_Slice_79,
YM0P648I12HKMF5QY4JO_Slice_80,
YM0P648I12HKMF5QY4JO_Slice_81,
YM0P648I12HKMF5QY4JO_Slice_82,
YM0P648I12HKMF5QY4JO_Slice_83,
YM0P648I12HKMF5QY4JO_Slice_84,
YM0P648I12HKMF5QY4JO_Slice_85,
YM0P648I12HKMF5QY4JO_Slice_86,
YM0P648I12HKMF5QY4JO_Slice_87,
